index,chembl_id,smiles,ic50,mw
1,CHEMBL95,Nc1c2c(nc3ccccc13)CCCC2,40,198.27
2,CHEMBL502,COc1cc2c(cc1OC)C(=O)C(CC1CCN(Cc3ccccc3)CC1)C2,7420,379.5
3,CHEMBL271746,CC(C)(CO[N+](=O)[O-])C(=O)NCCCCNc1c2c(nc3ccccc13)CCCC2,7.3,414.51
4,CHEMBL283509,COc1ccc(-c2cc3c(c(=O)o2)C[C@]2(O)[C@@]4(C)C(=O)C=CC(C)(C)[C@]4(O)CC[C@@]2(C)O3)cc1OC,18000,496.56
5,CHEMBL40302,Cc1cccc2c1OP(=O)(OCC1CCC(n3cnc4c(N)ncnc43)O1)OC2,910,417.36
6,CHEMBL170946,COc1cc2c(cc1OC)C(=O)C(CC1CCN(Cc3cccc(C)c3)CC1)C2,28100,393.53
7,CHEMBL3889625,COc1cc2c(cc1OC)C(=O)C(CC1CCN(Cc3ccc4ccccc4n3)CC1)C2,6350,430.55
8,CHEMBL3934564,COc1cc2c(cc1OC)C(=O)C(CC1CCN(Cc3ccc4cccc(O)c4n3)CC1)C2,37400,446.55
9,CHEMBL316973,CN(C)Cc1ccc(CSCCNc2ccc([N+](=O)[O-])cc2[N+](=O)[O-])o1,1800,380.43
10,CHEMBL338720,CSc1nc(-c2ccc(-c3ccccc3)cc2)nn1C(=O)N(C)C,230,338.44
11,CHEMBL2088780,N#Cc1c(N)nc(NCCC2CCN(Cc3ccccc3)CC2)c(C#N)c1-c1ccccc1,670,436.56
12,CHEMBL3262669,COc1cc2c(cc1OC)C(Cc1ccc(OCCCCCCN3CCOCC3)cc1)NCC2,10590,468.64
13,CHEMBL363557,CCNC(=O)Oc1cccc2c1CCC1CCN(C)C21,30.3,274.36
14,CHEMBL1761992,[Br-].[Br-].c1ccc2c(c1)ccc[n+]2CCCC[n+]1cccc2ccccc21,32000,474.24
15,CHEMBL1761997,[Br-].[Br-].c1ccc2c(c1)ccc[n+]2CCOCC[n+]1cccc2ccccc21,48000,490.24
16,CHEMBL4079345,CCNc1nc(NCc2ccccc2)c2ccccc2n1,15200,278.36
17,CHEMBL4094911,CNc1nc(NCCc2ccc(OC)c(OC)c2)c2ccccc2n1,4500,338.41
18,CHEMBL4102655,CCCNc1nc(NCCc2ccc(OC)c(OC)c2)c2ccccc2n1,24900,366.47
19,CHEMBL3335024,CCN(C)C(=O)Oc1cc(C(C)N(C)C)c2c(c1)oc(=O)c1ccccc12.Cl,8500,404.89
20,CHEMBL3361265,O=S(=O)(CCCN1CCC(c2ccccc2)CC1)NCCNc1cccc2ccccc12,5080,451.64
21,CHEMBL1642987,CC(C)(C)c1cc[n+](Cc2ccc(C[n+]3ccc(C(C)(C)C)cc3)cc2)cc1.[Br-].[Br-],1300,534.38
22,CHEMBL42531,CCCN(c1ccncc1F)n1cc(C)c2cc(OC(=O)NC)ccc21,31,356.4
23,CHEMBL3338391,COCCN(CC1CCCN(C2Cc3ccccc3C2)C1)C(=O)c1ccc2ccccc2c1,21,442.6
24,CHEMBL659,COc1ccc2c3c1O[C@H]1C[C@@H](O)C=C[C@@]31CCN(C)C2,10000,287.36
25,CHEMBL1783532,CC(C)C1=N[C@H]2CC[C@]34C[C@]35C(=O)C[C@]3(C)[C@@H]([C@H](C)N(C)C)[C@H](O)C[C@@]3(C)[C@@H]5CC[C@H]4[C@]2(C)CN1C,2948,497.77
26,CHEMBL3260180,N#Cc1cc([N+](=O)[O-])ccc1-n1cc(C2(O)CCCCC2)nn1,42400,313.32
27,CHEMBL94,CNC(=O)Oc1ccc2c(c1)[C@]1(C)CCN(C)[C@@H]1N2C,35,275.35
28,CHEMBL2011499,CC1=C[C@H]2Cc3nc4cc(Cl)ccc4c(N)c3[C@@H](C1)C2.Cl,170,321.25
29,CHEMBL3262668,COc1cc2c(cc1OC)C(Cc1ccc(OCCCCCCN3CCC(O)CC3)cc1)NCC2,23730,482.67
30,CHEMBL510363,COc1cc2c(cc1OC)C(Cc1ccc(O)cc1)NCC2,46770,299.37
31,CHEMBL3960783,C#CCN1CCC(CN(CCOC)S(=O)(=O)c2ccc3ccccc3c2)CC1,384,400.54
32,CHEMBL4437800,CN1c2ccc(OC(=O)NCCCN3CCOCC3)cc2CN2CCc3ccccc3C21,937.8,436.56
33,CHEMBL4457445,CN1c2ccc(OC(=O)NCCCCCCn3ccnc3)cc2CN2CCc3ccccc3C21,13.3,459.59
34,CHEMBL552832,Cl.O=C(CCC1CCN(Cc2ccccc2)CC1)c1ccccc1,4300,343.9
35,CHEMBL3262661,COc1cc2c(cc1OC)C(Cc1ccc(OCCCCCCN(C)C)cc1)NCC2,3430,426.6
36,CHEMBL95192,Cc1cn(C2C=CC(COP3(=O)OCc4c(Cl)cccc4O3)O2)c(=O)[nH]c1=O,570,426.75
37,CHEMBL376065,Cc1cccc2c1OP(=O)(OC[C@@H]1C=C[C@H](n3cc(C)c(=O)[nH]c3=O)O1)OC2,1200,406.33
38,CHEMBL2088786,N#Cc1cc(C#N)c(NCCCCC2CCN(Cc3ccccc3)CC2)nc1N,1700,388.52
39,CHEMBL130704,CSc1nc(-c2ccc(C)cc2)nn1C(=O)N1CCOCC1,2000,318.4
40,CHEMBL3338954,Cc1ccc(OCc2nn3c(-c4cccnc4)nnc3s2)cc1,4760,323.38
41,CHEMBL3338948,Fc1ccc(Cc2nn3c(-c4cccnc4)nnc3s2)cc1,79900,311.35
42,CHEMBL1588892,c1cncc(-c2nnc3sc(-c4ccco4)nn23)c1,6030,269.29
43,CHEMBL3338944,Fc1cc(Cl)ccc1-c1nn2c(-c3cccnc3)nnc2s1,37400,331.76
44,CHEMBL3628059,Cc1cccc(C[n+]2ccc(C(=O)NCCc3c[nH]c4ccccc34)cc2)c1.[Br-],5800,450.38
45,CHEMBL3628065,COc1ccc2[nH]cc(CCNC(=O)c3cc[n+](Cc4ccc(OC(=O)N(C)C)cc4)cc3)c2c1.[Br-],80,553.46
46,CHEMBL536047,CC1=CC2Cc3nc4cc(Cl)ccc4c(N)c3C(C1)C2.Cl,175,321.25
47,CHEMBL3628057,O=C(NCCc1c[nH]c2ccccc12)c1cc[n+](Cc2cccc(F)c2)cc1.[Br-],5100,454.34
48,CHEMBL3628058,O=C(NCCc1c[nH]c2ccccc12)c1cc[n+](Cc2ccc(F)cc2)cc1.[Br-],4800,454.34
49,CHEMBL3628062,COc1ccc2[nH]cc(CCNC(=O)c3cc[n+](Cc4ccccc4F)cc3)c2c1.[Br-],6800,484.37
50,CHEMBL3628063,COc1ccc2[nH]cc(CCNC(=O)c3cc[n+](Cc4cccc(F)c4)cc3)c2c1.[Br-],7900,484.37
51,CHEMBL3628064,COc1ccc2[nH]cc(CCNC(=O)c3cc[n+](Cc4ccc(F)cc4)cc3)c2c1.[Br-],7500,484.37
52,CHEMBL3824057,O=C(NCCc1c[nH]c2ccccc12)C1CCN(Cc2ccccc2)CC1,2000,361.49
53,CHEMBL3393679,C=CC[C@H]1NC[C@@H](O)[C@H](OCc2ccccc2)[C@H]1O,61000,263.34
54,CHEMBL129837,CC(C)c1ccc(NC(=O)Oc2ccc3c(c2)[C@]2(C)CCN(C)[C@@H]2N3C)cc1,50,379.5
55,CHEMBL3356531,O=C1C=C(NCCCNc2c3c(nc4ccccc24)CCCC3)C(=O)c2ccccc21,19.1,411.51
56,CHEMBL3338945,Fc1ccc(-c2nn3c(-c4cccnc4)nnc3s2)cc1Cl,10300,331.76
57,CHEMBL3335023,CCN(C)C(=O)Oc1cc(C(C)N(C)C)cc2oc(=O)c3ccccc3c12.Cl,12700,404.89
58,CHEMBL600622,CCCNC(=O)O[C@H]1CO[C@H]2[C@@H]1OC[C@H]2OC(=O)NCCC,10400,316.35
59,CHEMBL3116280,COc1ccc(COc2nn(CCN(C(C)C)C(C)C)c3ccccc23)cc1,4800,381.52
60,CHEMBL3948367,COc1ccc(/C=C/C(=O)c2cccc(OC(=O)N(C)C)c2)cc1,3370,325.36
61,CHEMBL3930610,CCN(C)C(=O)Oc1ccc(/C=C/C(=O)c2cccc(O)c2)cc1,5600,325.36
62,CHEMBL3943450,COc1cc2c(cc1OC)C(=O)C(CC1CCN(Cc3ccccc3F)CC1)C2,12800,397.49
63,CHEMBL3900401,COc1cc2c(cc1OC)C(=O)C(CC1CCN(Cc3ncc(C)cc3C)CC1)C2,8550,408.54
64,CHEMBL3986738,CCCc1n[nH]c2c1C(c1ccc([N+](=O)[O-])cc1)c1c(nc3c(c1N)CCCC3)O2,29,405.46
65,CHEMBL3356528,COc1ccc2nc3c(c(NCCNC4=CC(=O)c5ccccc5C4=O)c2c1)CCCC3,501,427.5
66,CHEMBL3356532,O=C1C=C(NCCNc2c3c(nc4cc(Cl)ccc24)CCCC3)C(=O)c2ccccc21,256,431.92
67,CHEMBL3356534,O=C1C(NCCNc2c3c(nc4ccccc24)CCCC3)=CC(=O)c2c(O)cccc21,41.4,413.48
68,CHEMBL3356540,COc1ccc2nc3c(c(NCCNC4=C(Cl)C(=O)c5ccccc5C4=O)c2c1)CCCC3,970,461.95
69,CHEMBL317359,Cc1cccc2c1OP(=O)(OCC1CCC(n3cc(C)c(=O)[nH]c3=O)O1)OC2,1000,408.35
70,CHEMBL1784955,C[C@@H](c1cccc(OC(=O)N(C)[C@@H](C)Cc2ccccc2)c1)N(C)C.Cl,334,376.93
71,CHEMBL4165299,O=C(NCCCCCCNCc1c[nH]c2ccccc12)c1cc(Cl)nc(Cl)c1,4700,419.36
72,CHEMBL2022933,C#CCN1CCc2nc3nc(N4CCCC4)c(C#N)cc3c(N)c2C1,82000,332.41
73,CHEMBL4077192,O=C(NCC1CCCN(C2Cc3ccccc3C2)C1)c1cccc2ccccc12,67,384.52
74,CHEMBL636,CCN(C)C(=O)Oc1cccc([C@H](C)N(C)C)c1,370,250.34
75,CHEMBL1783533,CC(C)C1=N[C@H]2CC[C@]34C[C@]35C(=O)C[C@]3(C)[C@@H]([C@H](C)N(C)C)[C@H](O)C[C@@]3(C)[C@@H]5CC[C@H]4[C@]2(C)N1,7224,469.71
76,CHEMBL253386,CCOC(=O)c1c(C)nc2nc3c(c(N)c2c1-c1ccccc1)CCCC3,5000,361.45
77,CHEMBL189907,CNC(=O)Oc1cccc2c1CCC1CCN(C)C21,24.5,260.34
78,CHEMBL1940615,CCN(CCCCCCNC1=CC(=O)C(OC)=CC1=O)Cc1ccccc1OC,22800,400.52
79,CHEMBL4285471,CCN(CC)CCCCOc1ccc(/C=C2\COc3ccccc3C2=O)cc1,11300,379.5
80,CHEMBL1940614,CCN(CCCCCCNC1=CC(=O)C(C)=C(C)C1=O)Cc1ccccc1OC,314,398.55
81,CHEMBL1940616,COc1ccccc1CNCCCCCCNC1=CC(=O)c2ccccc2C1=O,3320,392.5
82,CHEMBL4294570,CN(C)CCN(CC1CCCN(C2Cc3ccccc3C2)C1)C(=O)c1ccc2cccc(O)c2n1,11.1,472.63
83,CHEMBL4291165,CN(C)CCN(CC1CCCN(C2Cc3ccccc3C2)C1)C(=O)c1cc(O)c2cccc(O)c2n1,19,488.63
84,CHEMBL4284141,CN(C)CCN(CC1CCCN(C2Cc3ccccc3C2)C1)C(=O)c1cccc(O)c1,2485.1,421.59
85,CHEMBL4287511,CN(C)CCN(CC1CCCN(C2Cc3ccccc3C2)C1)C(=O)c1ccc(O)cc1O,460.4,437.58
86,CHEMBL4277879,Cc1[nH]c2ccccc2c1CC(=O)NCCC1CCN(Cc2ccccc2)CC1,1.09,389.54
87,CHEMBL4168179,Nc1c2c(nc3c1C(c1ccc4c(c1)OCO4)NC(=S)N3)CCCC2,37500,354.44
88,CHEMBL329491,Cc1cccc2c1OP(=O)(OCC1C=CC(n3cnc4c(N)ncnc43)O1)OC2,1200,415.35
89,CHEMBL3236093,COc1ccc(/C=C/C(=O)Nc2cc(OC)c(OC)c(OC)c2)cc1O,7650,359.38
90,CHEMBL278020,CN(C)C(=O)Oc1cccc([N+](C)(C)C)c1,49100,223.3
91,CHEMBL1940612,CCN(CCCCCCNC1=CC(=O)c2ccccc2C1=O)Cc1ccccc1OC,1490,420.55
92,CHEMBL1940618,COc1ccccc1CN1CCC(N2CCC(NC3=CC(=O)c4ccccc4C3=O)CC2)CC1,3160,459.59
93,CHEMBL1940619,COC1=CC(=O)C(N2CCC(C3CCN(Cc4ccccc4OC)CC3)CC2)=CC1=O,3580,424.54
94,CHEMBL4280612,Nc1c2c(nc3cc(Cl)ccc13)C[C@H]1C=C(CCCCn3cc(CO)nn3)C[C@H]2C1,210,423.95
95,CHEMBL133388,CSc1nc(-c2ccc(C)cc2)nn1C(=O)N(C)C,200,276.37
96,CHEMBL336398,O=C(N1CCCCC1)n1nc(-c2ccc(Cl)cc2)nc1SCC1CC1,900,376.91
97,CHEMBL2396912,c1ccc2[nH]c(N3CCCCC3)nc2c1,1570,201.27
98,CHEMBL1466313,COc1ccc(C2=Nn3c(nnc3-c3cccnc3)SC2)cc1,781,323.38
99,CHEMBL470715,CCOC(=O)C1=C(C)Nc2nc3c(c(N)c2[C@@H]1c1ccc(OC)cc1)CCCC3,11000,393.49
100,CHEMBL124156,CNC(=O)Oc1cccc(CN(C)CCCOc2ccc(-c3ccccc3)cc2)c1,42.6,404.51
101,CHEMBL3912680,Nc1c2c(nc3c1C(c1ccccc1)c1c(-c4ccco4)n[nH]c1O3)CCCC2,15,384.44
102,CHEMBL496259,CN[C@@H](C)[C@H]1CC[C@H]2[C@@H]3CC=C4C(=O)[C@@H](NC(=O)C=C(C)C)CC[C@]4(C)[C@H]3CC[C@]12C,600,426.65
103,CHEMBL373651,Cn1c2ccc(O)cc2c2cc[n+](C)cc21,32200,213.26
104,CHEMBL3393674,C=CC[C@@H]1[C@H](O)[C@@H](OCc2ccccc2)[C@H](O)CN1CCCCCCCC,3000,375.55
105,CHEMBL1916766,Nc1c2c(nc3oc(-c4ccccc4)cc13)CCCC2,3780,264.33
106,CHEMBL104732,COc1ccccc1/C=C/C(=O)c1ccccc1,27000,238.29
107,CHEMBL3260556,CCSc1ccccc1-c1cnc(-c2ccsc2)[nH]1,100,286.43
108,CHEMBL456881,O=c1c2ccccc2nc2n1CCC2,25100,186.21
109,CHEMBL4583405,Oc1ccc(CNc2ccc(-c3nc4ccccc4o3)cc2)cc1,4710,316.36
110,CHEMBL4645476,CN(C)C(=O)Oc1ccc(C(O)CNC2CCCCC2)cc1.Cl,10600,342.87
111,CHEMBL2396910,CN(C)CCCN(c1nc2ccccc2[nH]1)c1nc2ccccc2[nH]1,2260,334.43
112,CHEMBL4083875,N#CC1=C(N)N2CCNC2=C([N+](=O)[O-])C12c1ccccc1-c1nc3ccc([N+](=O)[O-])cc3nc12,9600,454.41
113,CHEMBL4064904,CC1(C)CNC2=C([N+](=O)[O-])C3(C(C#N)=C(N)N2C1)c1ccccc1-c1nc2ccccc2nc13,9800,451.49
114,CHEMBL3093795,[Br-].[Br-].c1cc[n+](CCCCCCCC[n+]2ccc3ccccc3c2)cc1,7700,480.29
115,CHEMBL3985059,COc1cc2c(cc1OC)C(=O)C(CC1CCN(Cc3ccc(F)cc3)CC1)C2,8130,397.49
116,CHEMBL3628055,O=C(NCCc1c[nH]c2ccccc12)c1cc[n+](Cc2ccccc2)cc1.[Br-],2800,436.35
117,CHEMBL3628060,Cc1ccc(C[n+]2ccc(C(=O)NCCc3c[nH]c4ccccc34)cc2)cc1.[Br-],8900,450.38
118,CHEMBL3628184,COc1ccc2[nH]cc(CCNC(=O)CCc3cc[n+](Cc4ccccc4F)cc3)c2c1.[Br-],860,512.42
119,CHEMBL3628185,COc1ccc2[nH]cc(CCNC(=O)CCc3cc[n+](Cc4cccc(F)c4)cc3)c2c1.[Br-],720,512.42
120,CHEMBL1204299,Cc1cc(=NCCC2CCN(Cc3ccccc3)CC2)[nH]nc1-c1ccccc1.Cl.Cl.O,940,477.48
121,CHEMBL3763203,N#CC1=C(N)N2CCCNC2=C([N+](=O)[O-])C12C(=O)Nc1ccccc12,8930,338.33
122,CHEMBL4209420,CCNCC(=O)Nc1ccc2nc3n(c(=O)c2c1)CCC3,1001,286.33
123,CHEMBL3765162,N#CC1=C(N)N2CCNC2=C([N+](=O)[O-])C12C(=O)Nc1ccccc12,13460,324.3
124,CHEMBL3763482,Cc1ccc2c(c1)C1(C(=O)N2)C(C#N)=C(N)N(Cc2ccccc2)C(NCc2ccccc2)=C1[N+](=O)[O-],13490,492.54
125,CHEMBL3765093,Cc1ccc2c(c1)C1(C(=O)N2)C(C#N)=C(N)N2CC(C)(C)CNC2=C1[N+](=O)[O-],14660,380.41
126,CHEMBL1242180,CN(C)c1ccc(/C=C/c2ccc3ccccc3[n+]2C)cc1.[I-],1600,416.31
127,CHEMBL4067639,C[n+]1c(/C=C/c2cc3ccccc3[nH]2)cc(N2CCOCC2)c2ccccc21.[I-],300,497.38
128,CHEMBL4059766,CCOC(=O)[C@@H](CCC(=O)NCCC1CCN(Cc2ccccc2)CC1)NC(=O)c1ccccc1,390,479.62
129,CHEMBL4089264,CCN(CCCCCCN1C(=O)c2ccccc2C1=O)Cc1ccccc1OC,8900,394.52
130,CHEMBL3950130,CC(C)Cc1ccc(/C=C2\Oc3ccccc3C2=O)cc1,1020,278.35
131,CHEMBL106782,CCCNc1cc(NCCSCc2ccc(CN(C)C)o2)c([N+](=O)[O-])cc1[N+](=O)[O-],3800,437.52
132,CHEMBL385778,COc1ccc2c(c1)c1cc[n+](C)cc1n2C,20941.12,227.29
133,CHEMBL219400,CCOC(=O)C1=C(C)Nc2nc3c(c(N)c2C1c1ccccc1[N+](=O)[O-])CCCC3,4800,408.46
134,CHEMBL3338962,O=[N+]([O-])c1ccc(C2=Nn3c(nnc3-c3cccnc3)SC2)cc1,1090,338.35
135,CHEMBL310671,O=C1NS(=O)(=O)c2ccccc21,3600,183.19
136,CHEMBL335033,CSc1nc(-c2ccc3ccccc3c2)nn1C(=O)N(C)C,130,312.4
137,CHEMBL3361270,O=S(=O)(CCCN1CCN(Cc2ccccc2)CC1)NCCNc1cccc2ccccc12,2000,466.65
138,CHEMBL4217746,CCCCCCNCC(=O)Nc1ccc2nc3n(c(=O)c2c1)CCC3,10.5,342.44
139,CHEMBL2425408,O=C1NC(=S)NC(=O)C1=CNNC(=S)Nc1ccccc1,57110,321.39
140,CHEMBL4164524,O=C(Nc1cc(Cl)nc(Cl)c1)OCCCCCNCc1ccccc1,4590,382.29
141,CHEMBL2064464,CN(CCC(=O)N1CCN(CCNc2c3c(nc4ccccc24)CCCC3)CC1)C1CCCCC1,63.7,477.7
142,CHEMBL3586577,Cc1c(C)c2ccc(OCCCCCNCc3ccccc3)cc2oc1=O.Cl,950,401.93
143,CHEMBL174706,CO[C@@H]1C=CC[C@@H]2Oc3ccc(Br)cc3C(=O)[C@@]21C#N,730,334.17
144,CHEMBL3822890,Cc1ccccc1CN1CCC(C(=O)NCCc2c[nH]c3ccccc23)CC1,400,375.52
145,CHEMBL3823578,COc1ccc2[nH]cc(CCNC(=O)C3CCN(Cc4ccccc4C)CC3)c2c1,3010,405.54
146,CHEMBL4214951,CN(Cc1ccccc1)Cc1ccc(NC(=O)Cc2ccc(O)c(O)c2)cc1,950,376.46
147,CHEMBL4216806,CN(Cc1ccccc1)Cc1ccc(NC(=O)/C=C/c2ccc(O)c(O)c2)cc1,8010,388.47
148,CHEMBL4644284,COc1c2c(cc3c1OCO3)[C@]13C=C[C@H](OC)C[C@@H]1[N@](C2)C[C@H]3OC(=O)c1ccoc1,32000,425.44
149,CHEMBL4648132,COc1c2c(cc3c1OCO3)[C@]13C=C[C@H](OC)C[C@@H]1[N@](C2)C[C@H]3OC(=O)c1cccc2ccccc12,100,485.54
150,CHEMBL4634465,COc1c2c(cc3c1OCO3)[C@]13C=C[C@H](OC)C[C@@H]1[N@](C2)C[C@H]3OC(=O)c1ccccc1[N+](=O)[O-],2300,480.47
151,CHEMBL4635404,COc1cccc(C(=O)O[C@@H]2C[N@@]3Cc4c(cc5c(c4OC)OCO5)[C@@]24C=C[C@H](OC)C[C@H]34)c1,6000,465.5
152,CHEMBL4633343,COc1c2c(cc3c1OCO3)[C@]13C=C[C@H](OC)C[C@@H]1[N@](C2)C[C@H]3OC(=O)c1ccccc1,3800,435.48
153,CHEMBL99284,CN1CC[C@]2(C)c3cc(OC(=O)Nc4ccccc4)ccc3NC12,1745.5,323.4
154,CHEMBL4646747,COc1c2c(cc3c1OCO3)[C@]13C=C[C@H](OC)C[C@@H]1[N@](C2)C[C@H]3OC(=O)c1cccc([N+](=O)[O-])c1,81000,480.47
155,CHEMBL3764376,N#CC1=C(N)N2CCCNC2=C([N+](=O)[O-])C12C(=O)Nc1ccc(F)cc12,14710,356.32
156,CHEMBL3763820,CC1(C)CNC2=C([N+](=O)[O-])C3(C(=O)Nc4ccc([N+](=O)[O-])cc43)C(C#N)=C(N)N2C1,11870,411.38
157,CHEMBL3764679,Cc1ccc2c(c1)C1(C(=O)N2)C(C#N)=C(N)N2CCNC2=C1[N+](=O)[O-],16250,338.33
158,CHEMBL470907,CCN(Cc1ccccc1)Cc1ccc(C(=O)c2ccc(OC)c(OC)c2)cc1,71500,389.5
159,CHEMBL4470448,Cc1c(C)c2ccc(OCC3CCN(Cc4cccc(OCCCO)c4)CC3)cc2oc1=O,740,451.56
160,CHEMBL3335066,O=c1oc2cc(OCCCN3CCN(Cc4ccccc4)CC3)ccc2c2ccccc12,3700,428.53
161,CHEMBL151763,CCN(C)C(=O)Oc1cccc(C(C)N(C)C)c1,11000,250.34
162,CHEMBL99414,CNC(=O)Oc1ccc2c(c1)[C@@]1(C)CCN(C)C1N2,1120.5,261.32
163,CHEMBL3290190,CN1C/C(=C/c2ccc(N3CCCC3)cc2)C(=O)/C(=C/c2ccc(N3CCCC3)cc2)C1,66750,427.59
164,CHEMBL4073501,CC1(C)CNC2=C([N+](=O)[O-])C3(C(C#N)=C(N)N2C1)c1ccccc1-c1nc2ccc([N+](=O)[O-])cc2nc13,10100,496.49
165,CHEMBL3823464,Cc1cccc(CN2CCC(CC(=O)NCCc3c[nH]c4ccccc34)CC2)c1,850,389.54
166,CHEMBL2414858,O=C(N/N=C/c1ccc(O)cc1O)Nc1ccncc1,58250,272.26
167,CHEMBL3122169,CCNCc1ccc2nc(-c3cccnc3)c3c(c2c1)NCCC3,2590,318.42
168,CHEMBL106932,CC(C)=NNc1cc(NCCSCc2ccc(CN(C)C)o2)c([N+](=O)[O-])cc1[N+](=O)[O-],8400,450.52
169,CHEMBL4575167,FC(F)(F)c1ccc(/C=N/C2CCN(Cc3ccccc3)CC2)cc1,3900,346.4
170,CHEMBL4443695,Fc1ccc(CNC2CCN(Cc3ccccc3)CC2)c(F)c1,3100,316.39
171,CHEMBL328165,CCCCC1OP(=O)(OCC2C=CC(n3cc(C)c(=O)[nH]c3=O)O2)Oc2cccc(Cl)c21,13000,482.86
172,CHEMBL4459500,Cl.Cl.N[C@@H](Cc1c[nH]c2ccccc12)C(=O)NCCNc1c2c(nc3ccccc13)CCCC2,56,500.47
173,CHEMBL3914364,COc1cccc2c1C=[N+](c1ccc(Cl)cc1)CC2.[Br-],62100,352.66
174,CHEMBL4277548,O=C(NCCC1CCN(Cc2ccccc2)CC1)c1cc(=O)c2cc([N+](=O)[O-])ccc2o1,9300,435.48
175,CHEMBL3628054,O=C(NCCc1c[nH]c2ccccc12)c1ccc[n+](Cc2ccccc2F)c1.[Br-],340,454.34
176,CHEMBL3957605,COc1cccc2c1C=[N+](c1ccc(C)cc1)CC2.[Br-],47100,332.24
177,CHEMBL417799,C[n+]1cc2c3c(ccc2c2ccc4cc5c(cc4c21)OCO5)OCO3,7080,332.34
178,CHEMBL13045,COc1ccc2c(c[n+](C)c3c4cc5c(cc4ccc23)OCO5)c1OC,8580,348.38
179,CHEMBL54727,CN1CC[C@@]2(C)c3cc(OC(=O)Nc4ccccc4)ccc3N(C)C12,1300,337.42
180,CHEMBL14638,O=C(c1ccc(OCCCc2c[nH]cn2)cc1)C1CC1,77300,270.33
181,CHEMBL4785796,CCCCN[C@@H](Cc1c[nH]c2ccccc12)C(=O)NCCC1CCN(CCc2ccccc2)CC1,3.8,474.69
182,CHEMBL76640,CNC(=O)Oc1ccc2c(c1)[C@@]1(C)CCN(C)C1N2C,2489,275.35
183,CHEMBL3822670,Cc1ccc(CN2CCC(CC(=O)NCCc3c[nH]c4ccccc34)CC2)cc1,290,389.54
184,CHEMBL4750360,CCN(C)C(=O)Oc1ccc(/C=C/C(=O)N2CCN(Cc3ccccc3)CC2)cc1,29700,407.51
185,CHEMBL4756176,COc1cc(/C=C/C(=O)N2CCN(Cc3ccccc3)CC2)ccc1OC(=O)N(C)C,14200,423.51
186,CHEMBL4778914,COc1cccc2cc[n+](-c3ccccc3I)cc12.[Br-],36900,442.09
187,CHEMBL4793631,COc1cccc2cc[n+](-c3ccc(I)cc3)cc12.[Br-],36100,442.09
188,CHEMBL4785451,COc1cccc2cc[n+](-c3ccccc3C#N)cc12.[Br-],59400,341.21
189,CHEMBL4799313,CCN(C)C(=O)OCC1CCN(Cc2ccccc2)CC1,46000,290.41
190,CHEMBL1762000,[Br-].[Br-].c1ccc(C[n+]2cccc3ccccc32)c(C[n+]2cccc3ccccc32)c1,6000,522.28
191,CHEMBL3335018,C[C@@H](c1ccc2c(c1)oc(=O)c1ccccc12)N(C)C.Cl,16200,303.79
192,CHEMBL3335029,O=c1oc2cc(OCCN3CCN(Cc4ccccc4)CC3)ccc2c2c1CCCC2,32000,418.54
193,CHEMBL3335057,COc1cccc(CN(C)CCOc2ccc3c(c2)oc(=O)c2ccccc23)c1,33200,389.45
194,CHEMBL604756,O=C(NCc1ccccc1)O[C@H]1CO[C@@H]2C=CO[C@H]12,10250,261.28
195,CHEMBL345124,CC[N+](C)(CC)CCC[n+]1c(-c2ccccc2)c2cc(N)ccc2c2ccc(N)cc21.[I-].[I-],13200,668.41
196,CHEMBL4176610,COc1ccc(C2NC(=S)Nc3nc4c(c(N)c32)CCCC4)cc1,1750,340.45
197,CHEMBL1916927,Nc1c2c(nc3oc(-c4ccc(Cl)cc4)cc13)CCCC2,26100,298.77
198,CHEMBL561846,C=C1C[C@]23C[C@H]1CC[C@H]2[C@]1(C)CCC[C@](C)(CO)[C@@H]1C[C@@H]3O,21100,304.47
199,CHEMBL3335019,COc1cc(C(C)N(C)C)cc2oc(=O)c3ccccc3c12.Cl,21100,333.82
200,CHEMBL3335048,O=c1oc2cc(OCCCN3CCN(Cc4ccccc4)CC3)ccc2c2c1CCCC2,3100,432.56
201,CHEMBL3910719,COc1ccc2[nH]c3c(-c4ccccc4)nccc3c2c1,4480,274.32
202,CHEMBL3356537,O=C1C(NCCCNc2c3c(nc4cc(Cl)ccc24)CCCC3)=CC(=O)c2c(O)cccc21,258,461.95
203,CHEMBL3338995,CCN(CC)CCCOc1ccc(C(=O)/C=C/c2ccccc2)cc1,20120,337.46
204,CHEMBL3818086,COc1ccc(/C=C/C(=O)NCCC2CCN(Cc3ccccc3)CC2)cc1O,3240,394.52
205,CHEMBL3817981,O=C(/C=C/c1ccccc1O)NCCC1CCN(Cc2ccccc2)CC1,988,364.49
206,CHEMBL3819083,COc1cc(/C=C/C(=O)NCCC2CCN(Cc3ccccc3)CC2)cc(OC)c1OC,669,438.57
207,CHEMBL3752974,CC(C)NCc1cccc2[nH]c3ccccc3c12,8100,238.33
208,CHEMBL541344,CC1=CC2Cc3nc4ccccc4c(N)c3C(C1)C2.Cl,126,286.81
209,CHEMBL3915915,C#CCN1CCCC(CNC(=O)c2ccc3ccccc3c2)C1,23444,306.41
210,CHEMBL3964515,C#CCN1CCCC(CN(CCOC)C(=O)c2ccc3ccccc3c2)C1,3306,364.49
211,CHEMBL3971906,C#CCN1CCCC(CN(CCCOC)S(=O)(=O)c2ccc3ccccc3c2)C1,127,414.57
212,CHEMBL220905,C[n+]1ccc2c(c1)[nH]c1ccc(O)cc12,8700,199.23
213,CHEMBL3116299,Nc1ccc2c(c1)c(OCc1cccc3ccccc13)nn2CCN1CCCC1,3000,386.5
214,CHEMBL3116283,c1ccc2c(COc3nn(CCN4CCCC4)c4ccccc34)cccc2c1,2830,371.48
215,CHEMBL271385,CC(C)(C)C(=O)NCCCCNc1c2c(nc3ccccc13)CCCC2,36.5,353.51
216,CHEMBL334395,CCCSc1nc(-c2ccc(Cl)cc2)nn1C(=O)N(C)C,100,324.84
217,CHEMBL1256415,COc1ccc2nc3c(c(N)c2c1)CCCC3,21000,228.29
218,CHEMBL241548,O=C(Oc1ccc(Oc2ccc(C(F)(F)F)cn2)cc1)N1CCCCC1,8200,366.34
219,CHEMBL228361,O=C(Nc1ccc(F)cc1)OCCCCN1CCC(OCc2ccccc2)CC1,780,400.49
220,CHEMBL4526950,Clc1ccc(/C=N/C2CCN(Cc3ccccc3)CC2)cc1,4600,312.84
221,CHEMBL3215535,Cl.Cl.c1ccc(CN2CCC(CCNc3ccc(-c4ccccc4)nn3)CC2)cc1,700,445.44
222,CHEMBL3819231,COc1cc(/C=C/C(=O)NCCC2CCN(Cc3ccccc3)CC2)cc(OC)c1O,1220,424.54
223,CHEMBL3819320,O=C(/C=C/c1ccc(O)cc1)NCCC1CCN(Cc2ccccc2)CC1,1220,364.49
224,CHEMBL292314,Nc1c2c(nc3cc(Cl)ccc13)CCCC2,1730,232.71
225,CHEMBL191758,NCCCNc1c2c(nc3cc(Cl)ccc13)CCCC2,2580,289.81
226,CHEMBL228359,O=C(OCCCCN1CCC(OCc2ccccc2)CC1)c1cccc(F)c1,1580,385.48
227,CHEMBL1669479,C[N+](C)(CCNC(=O)C(=O)NCC[N+](C)(C)Cc1ccccc1Cl)Cc1ccccc1Cl.[Cl-].[Cl-],7000,552.37
228,CHEMBL270491,O=[N+]([O-])OCCCNCCCNc1c2c(nc3ccccc13)CCCC2,5.5,358.44
229,CHEMBL544126,CNC(=O)Oc1cccc(CN(C)CCCOc2cccc(Cc3ccccc3)c2)c1.Cl,22.1,455
230,CHEMBL542297,Cc1nc2cc(C(=O)CCC3CCN(Cc4ccccc4)CC3)ccc2[nH]1.Cl,6200,397.95
231,CHEMBL513236,COc1ccccc1CN(C)Cc1ccc(C(=O)c2ccc(OC)c(OC)c2)cc1,16200,405.49
232,CHEMBL553803,CNC(=O)Oc1cccc(CN(C)CC#CCOc2ccc3c(=O)c4ccccc4oc3c2)c1.Cl,529,492.96
233,CHEMBL4644961,Cc1ccccc1C1C([N+](=O)[O-])C(Cc2c[nH]cn2)NC12c1ccccc1-c1nc3ccccc3nc12,13800,488.55
234,CHEMBL4632994,O=[N+]([O-])C1C(Cc2c[nH]cn2)NC2(c3ccccc3-c3nc4ccccc4nc32)C1c1ccco1,22250,464.49
235,CHEMBL4443013,Oc1ccc(CNC2CCN(Cc3ccccc3)CC2)c(O)c1,18000,312.41
236,CHEMBL1255901,C/C=C1\[C@H]2C=C(C)C[C@@]1(N)c1ccc(=O)[nH]c1C2,100,242.32
237,CHEMBL4166003,Cc1cccc(C2NC(=S)Nc3nc4c(c(N)c32)CCCC4)c1,2650,324.45
238,CHEMBL97501,Cc1cccc2c1OP(=O)(OCC1OC(n3cc(C)c(=O)[nH]c3=O)CC1N=[N+]=[N-])OC2,40000,449.36
239,CHEMBL541464,Cc1cn(C2C=CC(COP3(=O)Oc4cccc(Cl)c4C(C)O3)O2)c(=O)[nH]c1=O,1800,440.78
240,CHEMBL4459154,NS(=O)(=O)c1ccc(NC(=S)NNc2c3c(nc4ccccc24)CCCC3)cc1,307,427.56
241,CHEMBL13308,CN(C)Cc1ccc(CSCCSCc2ccc(CN(C)C)o2)o1,4300,368.57
242,CHEMBL3236092,COc1cccc(/C=C/C(=O)Nc2cc(OC)c(OC)c(OC)c2)c1O,5190,359.38
243,CHEMBL4281894,CN(C)CCOc1cccc(/C=C2\COc3ccccc3C2=O)c1,4440,323.39
244,CHEMBL486699,COc1cc2c(cc1OC)CC(CC1CCN(Cc3ccccc3)CC1)C2.Cl,6401,401.98
245,CHEMBL3921061,CN(C)C(=O)Oc1cccc(C(=O)/C=C/c2ccc(O)cc2)c1,360,311.34
246,CHEMBL3896326,CCN(C)C(=O)Oc1cccc(C(=O)/C=C/c2ccc(O)cc2)c1,4370,325.36
247,CHEMBL3909837,CCCc1n[nH]c2c1C(c1ccc(C#N)cc1)c1c(nc3c(c1N)CCCC3)O2,37,385.47
248,CHEMBL3958499,CCCc1n[nH]c2c1C(c1ccc(C)cc1)c1c(nc3c(c1N)CCCC3)O2,13,374.49
249,CHEMBL3237538,Oc1ccccc1OCc1nn2c(-c3ccncc3)nnc2s1,18010,325.35
250,CHEMBL3116300,Nc1ccc2c(c1)c(OCc1ccc3ccccc3c1)nn2CCN1CCCCC1,1780,400.53
251,CHEMBL3322158,O=C(Cc1cc(=O)oc2cc(O)ccc12)NCCNc1c2c(nc3ccccc13)CCCC2,12600,443.5
252,CHEMBL4453051,c1ccc(CNC2CCN(Cc3ccccc3)CC2)cc1,12000,280.42
253,CHEMBL4550657,CC1(C)C=Cc2c(ccc3c2OC(c2ccc(O)cc2)CC3=O)O1,11490,322.36
254,CHEMBL3311040,COc1ccc(-c2coc3c4c(ccc3c2=O)OC(C)(C)C=C4)cc1OC,7820,364.4
255,CHEMBL3093796,[Br-].[Br-].c1cc[n+](CCCCCCCCC[n+]2ccc3ccccc3c2)cc1,350,494.32
256,CHEMBL260964,O=C(CO/N=[N+](\[O-])N1CCCC1)NCCCCNc1c2c(nc3ccccc13)CCCC2,41,440.55
257,CHEMBL140476,CC1=CC2Cc3nc4cc(Cl)ccc4c(N)c3C(C1)C2,247,284.79
258,CHEMBL4572797,Cc1cc(=O)oc2cc(OC/C=C/CCn3cnc4c(N5CCCC5)ncnc43)ccc12,4650,431.5
259,CHEMBL4857969,Cc1ccc2c(N)c3c(nc2c1)CCC3.Cl,8440,234.73
260,CHEMBL4858901,Cc1ccc2c(N)c3c(nc2c1)CCCC3.Cl,2900,248.76
261,CHEMBL4874599,COc1ccc2nc3c(c(N)c2c1)CCCCC3.Cl,4410,278.78
262,CHEMBL3237541,COc1ccc(OCc2nn3c(-c4ccncc4)nnc3s2)cc1,37920,339.38
263,CHEMBL3952086,C#CCN1CCC(CN(CCOC)C(=O)c2ccc3ccccc3c2)CC1,4040,364.49
264,CHEMBL3900751,C#CCN1CCCC(CN(CCOC)S(=O)(=O)c2ccc3ccccc3c2)C1,137,400.54
265,CHEMBL4554714,CN1c2ccc(OC(=O)NCCCN3CCc4ccccc4C3)cc2CN2CCc3ccccc3C21,1148.15,482.63
266,CHEMBL4554810,CN1c2ccc(OC(=O)NCCCCCCN3CCNCC3)cc2CN2CCc3ccccc3C21,80.6,477.65
267,CHEMBL4583273,CN1c2ccc(OC(=O)NCCCCCCN3CCCC3)cc2CN2CCc3ccccc3C21,34.67,462.64
268,CHEMBL4207386,CC(C)=CCNCC(=O)Nc1ccc2nc3n(c(=O)c2c1)CCC3,16.3,326.4
269,CHEMBL4212275,C#CCNCC(=O)Nc1ccc2nc3n(c(=O)c2c1)CCC3,12.4,296.33
270,CHEMBL4218829,O=C(CNCc1ccccc1[N+](=O)[O-])Nc1ccc2nc3n(c(=O)c2c1)CCC3,103,393.4
271,CHEMBL3763973,N#CC1=C(N)N(Cc2ccccc2)C(NCc2ccccc2)=C([N+](=O)[O-])C12C(=O)Nc1ccc(F)cc12,15090,496.5
272,CHEMBL3764433,N#CC1=C(N)N2CCNC2=C([N+](=O)[O-])C12C(=O)c1cccc3cccc2c13,23770,359.35
273,CHEMBL3764900,N#CC1=C(N)N2CCCNC2=C([N+](=O)[O-])C12C(=O)c1cccc3cccc2c13,26130,373.37
274,CHEMBL3289935,CN(C)c1ccc(/C=C2/COC/C(=C\c3ccc(N(C)C)cc3[N+](=O)[O-])C2=O)c([N+](=O)[O-])c1,19740,452.47
275,CHEMBL4082936,CCOc1ccc(Cc2nc3cc(C(=O)N(CC)CC)ccc3n2CCN2CCCCC2)cc1,39810.72,462.64
276,CHEMBL3948260,CCCc1n[nH]c2c1C(c1ccc(N(C)C)cc1)c1c(nc3c(c1N)CCCC3)O2,24,403.53
277,CHEMBL3822559,O=C(CC1CCN(Cc2ccccc2)CC1)NCCc1c[nH]c2ccccc12,950,375.52
278,CHEMBL3824239,Cc1ccccc1CN1CCC(CC(=O)NCCc2c[nH]c3ccccc23)CC1,1420,389.54
279,CHEMBL3823197,O=C(CCc1c[nH]c2ccccc12)NC1CCN(Cc2ccccc2)CC1,120,361.49
280,CHEMBL3824248,O=C(CCc1c[nH]c2ccccc12)NCCC1CCN(Cc2ccccc2)CC1,56,389.54
281,CHEMBL341437,CCSc1nc(-c2ccc(OC)cc2)nn1C(=O)N1CCOCC1,4000,348.43
282,CHEMBL130628,O=C(N1CCCCC1)n1nc(-c2ccc(Cl)cc2)nc1SCC(F)(F)F,1000,404.85
283,CHEMBL3338960,c1ccc(-c2ccc(C3=Nn4c(nnc4-c4cccnc4)SC3)cc2)cc1,18900,369.45
284,CHEMBL3338950,CCOc1ccc(Cc2nn3c(-c4cccnc4)nnc3s2)cc1,70700,337.41
285,CHEMBL1677,Cl.Nc1c2c(nc3ccccc13)CCCC2,44,234.73
286,CHEMBL1202885,Cl.Cl.O.c1ccc(CN2CCC(CCNc3cc4c(nn3)-c3ccccc3CC4)CC2)cc1,280,489.49
287,CHEMBL336276,CCCCCCSc1nc(-c2ccc(C)cc2)nn1C(=O)N(C)C,300,346.5
288,CHEMBL104681,CN(C)Cc1ccc(CSCCNc2cc(F)c([N+](=O)[O-])cc2[N+](=O)[O-])o1,3800,398.42
289,CHEMBL2425411,Cc1cccc(Cl)c1NC(=S)NNC=C1C(=O)NC(=O)NC1=O,8810,353.79
290,CHEMBL2064466,CN(CCC(=O)N1CCN(CCNc2c3c(nc4ccccc24)CCCC3)CC1)c1ccccc1,33.7,471.65
291,CHEMBL2064404,O=C(CCN1CCCCC1)N1CCN(CCNc2c3c(nc4ccccc24)CCCC3)CC1,77.8,449.64
292,CHEMBL4208961,Cc1cc(=O)oc2cc(OCc3cc[n+](Cc4ccccc4Br)cc3)ccc12.[Br-],8320,517.22
293,CHEMBL4869162,Cl.Nc1c2c(nc3c(Br)cc(Br)cc13)CCCCC2,89900,406.55
294,CHEMBL336524,CCSc1nc(-c2ccc(Cl)cc2)nn1C(=O)N(C)C,50,310.81
295,CHEMBL145361,COc1cc2c(cc1OC)C(=O)C(CC1CCN(Cc3ccccc3[N+](=O)[O-])CC1)C2,91200,424.5
296,CHEMBL3922713,CC(C)C1c2c(-c3ccccc3)n[nH]c2Oc2nc3c(c(N)c21)CCCC3,570,360.46
297,CHEMBL3954267,CCCc1n[nH]c2c1C(c1ccc(OC)c(OC)c1)c1c(nc3c(c1N)CCCC3)O2,365,420.51
298,CHEMBL3895852,CN(C)C(=O)Oc1cccc(/C=C/C(=O)c2cccc(O)c2)c1,1910,311.34
299,CHEMBL1819170,c1ccc2c(NCCCCCCCN3CCOCC3)c3c(nc2c1)CCCC3,90.5,381.56
300,CHEMBL3765697,N#CC1=C(N)N2CCCNC2=C([N+](=O)[O-])C12C(=O)Nc1ccc([N+](=O)[O-])cc12,12440,383.32
301,CHEMBL4580216,S=C(NNc1c2c(nc3ccccc13)CCCC2)Nc1ccccc1,748,348.48
302,CHEMBL130666,CSc1nc(-c2ccc(Cl)cc2)nn1C(=O)N1CCCCC1,900,336.85
303,CHEMBL337714,CSc1nc(-c2ccc(C(F)(F)F)cc2)nn1C(=O)N(C)C,100,330.34
304,CHEMBL542497,CCC1=CC2CC(C1)Cc1nc3ccccc3c(N)c12.Cl,63,300.83
305,CHEMBL3216788,Cl.Cl.c1ccc2c3c([nH]c2c1)[C@H]1[C@H]2CC[C@H]([C@@H]4CCCN[C@@H]42)N1CC3,9010,380.36
306,CHEMBL415799,CC1=CC2Cc3nc4cc(Cl)ccc4c(N)c3C(C1)C2N,6480,299.81
307,CHEMBL396247,COc1cc2cc(-c3ccc(CN(CCO)Cc4ccccc4)cc3)c(=O)oc2cc1OC,35100,445.52
308,CHEMBL339995,CSc1nc(/C=C/c2ccccc2)nn1C(=O)N(C)C,370,288.38
309,CHEMBL1730860,Oc1ccc(-c2cnc3ccccc3n2)cc1,7700,222.25
310,CHEMBL4082964,COc1ccccc1CN1CCN(Cc2ccc3cccnc3c2O)CC1,5710,363.46
311,CHEMBL4066967,CCOC(=O)C1=C(c2ccccc2)Oc2nc3c(c(N)c2C1c1ccc([N+](=O)[O-])cc1)CCCC3,9910,471.51
312,CHEMBL4103604,COc1cc(/C=C/C(=O)Nc2ccccc2)ccc1OCCCCCN(C)C,12080,382.5
313,CHEMBL4063045,COc1cc(/C=C/C(=O)Nc2ccccc2)ccc1OCCCCCCN(C)C,6720,396.53
314,CHEMBL4072405,CCOC(=O)/C=C/c1ccc(OCCCCCCN(CC)CC)c(OC)c1,11380,377.53
315,CHEMBL4069385,COc1cc(/C=C/C(=O)Nc2ccccc2)ccc1OCCCCN1CCCCC1,5690,408.54
316,CHEMBL4063663,COc1cc(/C=C/C(=O)Nc2ccccc2)ccc1OCCCCN1CCCC1,3830,394.52
317,CHEMBL4093019,COc1cc(/C=C/C(=O)Nc2ccccc2)ccc1OCCCCCN1CCCC1,4780,408.54
318,CHEMBL521589,CN(C)C(=O)Oc1cc(OC(=O)N(C)C)cc(C(O)CNC(C)(C)C)c1,4.29,367.45
319,CHEMBL4098455,CCN(C)C(=O)Oc1cc(OC(=O)N(C)CC)cc(C(O)CNC(C)(C)CC)c1.Cl,7.12,445.99
320,CHEMBL11531,COc1ccc2cc3n(c(=O)c2c1OC)CCc1cc2c(cc1-3)OCO2,68000,351.36
321,CHEMBL3916769,COc1ccc(/C=C/C(=O)NCCC2CCN(Cc3ccccc3)CC2)c(OC)c1,4390,408.54
322,CHEMBL3338394,COCCN(C[C@@H]1CCCN(C2Cc3ccccc3C2)C1)C(=O)c1ccc2ccccc2c1,13,442.6
323,CHEMBL3322156,CN(CCC(=O)NCCCNc1c2c(nc3ccccc13)CCCC2)C1CCCCC1,2380,422.62
324,CHEMBL4091385,c1ccc(CCNc2nc(NC3CC3)nc3ccccc23)cc1,11400,304.4
325,CHEMBL3763609,N#CC1=C(N)N2CCNC2=C([N+](=O)[O-])C12C(=O)Nc1ccc(F)cc12,16840,342.29
326,CHEMBL3763778,CC1(C)CNC2=C([N+](=O)[O-])C3(C(=O)Nc4ccccc43)C(C#N)=C(N)N2C1,10420,366.38
327,CHEMBL4075061,Clc1ccc2c(NCc3ccccn3)c3c(nc2c1)CCCC3,1600,323.83
328,CHEMBL4212713,C=CCNCC(=O)Nc1ccc2nc3n(c(=O)c2c1)CCC3,16.6,298.35
329,CHEMBL3093801,[Br-].[Br-].c1cc[n+](CCCCCCCCC[n+]2cccc3ccccc32)cc1,1700,494.32
330,CHEMBL4292256,CN(C)CCN(CC1CCCN(C2Cc3ccccc3C2)C1)C(=O)c1ccc(O)nc1,20951.3,422.57
331,CHEMBL4285779,COc1ccc2c(=O)cc(C(=O)NCCC3CCN(Cc4ccccc4)CC3)oc2c1,9900,420.51
332,CHEMBL4283450,COc1ccc2oc(C(=O)NCCC3CCN(Cc4ccccc4)CC3)cc(=O)c2c1,6500,420.51
333,CHEMBL4286799,O=C(NCCC1CCN(Cc2ccccc2)CC1)c1cc(=O)c2ccccc2o1,5090,390.48
334,CHEMBL491526,COc1ccc(C(=O)c2ccc(CN(C)CCN(C)C)cc2)cc1OC,88800,356.47
335,CHEMBL2425415,COc1ccc(NC(=S)NNC=C2C(=O)NC(=S)NC2=O)cc1,56810,351.41
336,CHEMBL2425406,O=C1NC(=O)C(=CNNC(=O)Nc2ccccc2)C(=O)N1,38510,289.25
337,CHEMBL4076034,COc1ccc(CNc2c3c(nc4ccccc24)CCCC3)cc1OC,20,348.45
338,CHEMBL4105611,COCCN(CC1CCCN(Cc2ccccc2)C1)S(=O)(=O)c1ccc2ccccc2c1,4.9,452.62
339,CHEMBL3338961,c1cncc(-c2nnc3n2N=C(c2cccc4ccccc24)CS3)c1,15900,343.42
340,CHEMBL3335056,CN(CCOc1ccc2c(c1)oc(=O)c1ccccc12)Cc1ccccc1,14100,359.43
341,CHEMBL3335063,COc1cccc(CN(C)CCCOc2ccc3c(c2)oc(=O)c2ccccc23)c1,29200,403.48
342,CHEMBL3122167,CCNC(=O)c1ccc2nc(-c3ccc(Cl)cc3)c3c(c2c1)NCCC3,920,365.86
343,CHEMBL1952067,CCCCCN1CC(C)(C)CN=C1/C=N/O.Cl,68000,261.8
344,CHEMBL12858,CN(C)Cc1ccc(CSCCNC(=NC#N)NCCSCc2ccc(CN(C)C)o2)o1,2400,478.69
345,CHEMBL336538,COc1ccc(-c2nc(SC)n(C(=O)N(C)C)n2)cc1,410,292.36
346,CHEMBL375862,Cc1c2[nH]c3ccc(O)cc3c2cc[n+]1C,1625.55,213.26
347,CHEMBL80221,CNC(=O)Oc1ccc2c(c1)[C@]1(C)CCN(C)C1N2Cc1ccccc1,21.8,351.45
348,CHEMBL3628053,O=C(NCCc1c[nH]c2ccccc12)c1ccc[n+](Cc2ccccc2)c1.[Br-],280,436.35
349,CHEMBL3628186,COc1ccc2[nH]cc(CCNC(=O)CCc3cc[n+](Cc4ccc(F)cc4)cc3)c2c1.[Br-],650,512.42
350,CHEMBL544592,CNC(=O)Oc1cccc(CN(C)CCCOc2ccc(C(=O)c3ccccc3)cc2)c1.Cl,24.5,468.98
351,CHEMBL131320,Cc1ccc(-c2nc(SCC(F)(F)F)n(C(=O)N(C)C)n2)cc1,460,344.36
352,CHEMBL3142709,Cc1cccc2c1OP(=O)(OC[C@H]1O[C@@H](n3cc(C)c(=O)[nH]c3=O)C[C@@H]1O)OC2,36000,424.35
353,CHEMBL375767,Cc1cn([C@H]2C=C[C@@H](COP3(=O)OCc4ccccc4O3)O2)c(=O)[nH]c1=O,770,392.3
354,CHEMBL319367,Cc1cn(C2C=CC(COP3(=O)OCc4cccc(-c5ccccc5)c4O3)O2)c(=O)[nH]c1=O,350,468.4
355,CHEMBL225610,CN(CCCOc1ccc2c(=O)c3ccccc3oc2c1)Cc1ccccc1,8330,373.45
356,CHEMBL1940613,CCN(CCCCCCNC1=CC(=O)c2ncccc2C1=O)Cc1ccccc1OC,2560,421.54
357,CHEMBL3763232,CC1(C)CNC2=C([N+](=O)[O-])C3(C(=O)Nc4ccc(F)cc43)C(C#N)=C(N)N2C1,15920,384.37
358,CHEMBL3764714,CC1(C)CNC2=C([N+](=O)[O-])C3(C(=O)c4cccc5cccc3c45)C(C#N)=C(N)N2C1,25420,401.43
359,CHEMBL3338959,Cc1ccc(C2=Nn3c(nnc3-c3cccnc3)SC2)cc1,25400,307.38
360,CHEMBL3338958,Fc1ccc(C2=Nn3c(nnc3-c3cccnc3)SC2)cc1,4920,311.35
361,CHEMBL3335020,COc1cc(C(C)N(C)C)c2c(c1)oc(=O)c1ccccc12.Cl,24700,333.82
362,CHEMBL3335017,CC(c1ccc2c(c1)oc(=O)c1ccccc12)N(C)C.Cl,17900,303.79
363,CHEMBL95695,Cc1cn(C2C=CC(COP3(=O)OCc4cc5ccccc5cc4O3)O2)c(=O)[nH]c1=O,410,442.36
364,CHEMBL277984,O=[N+]([O-])OCCNCCCCNc1c2c(nc3ccccc13)CCCC2,13.8,358.44
365,CHEMBL273078,O=C(CO[N+](=O)[O-])NCCCCNc1c2c(nc3ccccc13)CCCC2,12.1,372.43
366,CHEMBL441868,Cc1c2c(cc[n+]1C)c1cc(O)ccc1n2C,2685.34,227.29
367,CHEMBL540833,CNC(=O)Oc1ccc2c(c1)CN(CCCOc1ccc3c(=O)c4ccccc4oc3c1)CC2.Cl,34.1,494.98
368,CHEMBL3938663,Cc1ccc2[nH]c3c(-c4ccccc4)nccc3c2c1,3060,258.32
369,CHEMBL4168710,COc1ccccc1CNCCCCCOC(=O)Nc1cc(Cl)nc(Cl)c1,4020,412.32
370,CHEMBL4166749,CCN(C)C(=O)Oc1cccc(CNC(=O)CCCCC2CCSS2)c1,378,396.58
371,CHEMBL2419688,N#Cc1cc(C#N)c(NCCCCC2CCN(Cc3ccccc3)CC2)nc1Cl,8130,407.95
372,CHEMBL3260186,Cc1ccc(-n2cc(C3(O)CCCCC3)nn2)c(Cl)c1,65500,291.78
373,CHEMBL7976,O=C(/C=C/c1ccccc1)c1ccccc1,87000,208.26
374,CHEMBL1642974,CC(C)(C)c1cc[n+](CCCCC[n+]2ccc(C(C)(C)C)cc2)cc1.[Br-].[Br-],5100,500.36
375,CHEMBL4790886,CCCCN[C@@H](Cc1c[nH]c2ccccc12)C(=O)NCCC1CCCCCC1,22,383.58
376,CHEMBL2111583,Cc1cccc2c1OP(=O)(OC[C@@H]1C[C@H](F)[C@H](n3cnc4c(N)ncnc43)O1)OC2,5000,435.35
377,CHEMBL3985757,Fc1ccc(/C=C2\Oc3ccccc3C2=S)cc1,5270,256.3
378,CHEMBL2419686,N#Cc1cc(C#N)c(NCCC2CCN(Cc3ccccc3)CC2)nc1Cl,470,379.9
379,CHEMBL3824362,COc1ccc2[nH]cc(CCNC(=O)C3CCN(Cc4ccccc4)CC3)c2c1,2210,391.52
380,CHEMBL275537,CN(C)Cc1ccc(CSCCCSCc2ccc(CN(C)C)o2)o1,4100,382.6
381,CHEMBL2114301,Cc1cn([C@H]2C=C[C@@H](CO[P@]3(=O)OCc4cccc(C(C)(C)C)c4O3)O2)c(=O)[nH]c1=O,2600,448.41
382,CHEMBL419521,CCC(C)c1ccc2c(c1)COP(=O)(OCC1C=CC(n3cc(C)c(=O)[nH]c3=O)O1)O2,3300,448.41
383,CHEMBL3628066,COc1ccc2[nH]cc(CCNC(=O)/C=C/c3cc[n+](Cc4ccccc4F)cc3)c2c1.[Br-],2300,510.41
384,CHEMBL400675,CCOC(=O)c1c(C)nc2nc3c(c(N)c2c1-c1cccc([N+](=O)[O-])c1)CCCC3,21000,406.44
385,CHEMBL4796199,Oc1ccccc1/C=N\C1CCN(Cc2ccccc2)C1,4154,280.37
386,CHEMBL4757415,O=[N+]([O-])c1ccc(/C=N\C2CCN(Cc3ccccc3)C2)cc1,2351,309.37
387,CHEMBL4744470,Fc1ccc(/C=N\C2CCN(Cc3ccccc3)C2)c(F)c1,1386,300.35
388,CHEMBL4747185,COc1cccc(CNC2CCN(Cc3ccccc3)C2)c1OC,5465,326.44
389,CHEMBL4518438,Cc1nn(CC(=O)N/N=C/c2ccccc2)c(=O)n1-c1ccc(C(=O)N/N=C/c2ccccc2)cc1,70.2,481.52
390,CHEMBL828,c1ccc2c(c1)Nc1ccccc1S2,5800,199.28
391,CHEMBL330299,Cc1cn(C2C=CC(COP3(=O)OCc4cc(C(C)(C)C)ccc4O3)O2)c(=O)[nH]c1=O,5600,448.41
392,CHEMBL330237,Cc1cccc2c1OP(=O)(OCC1C=CC(n3cnc4c(O)nc(N)nc43)C1)OC2,2500,429.37
393,CHEMBL329968,Cc1cn(C2C=CC(COP3(=O)OCc4c(ccc5ccccc45)O3)O2)c(=O)[nH]c1=O,3900,442.36
394,CHEMBL3819548,O=C(/C=C/c1ccccc1)NCCC1CCN(Cc2ccccc2)CC1,1410,348.49
395,CHEMBL4083524,CCCNc1nc(NCc2ccc(OC)c(OC)c2)c2ccccc2n1,30400,352.44
396,CHEMBL4078382,CCNc1nc(NCCc2ccc(OC)c(OC)c2)c2ccccc2n1,14000,352.44
397,CHEMBL4083601,CCCNc1nc(NCCc2ccccc2)c2ccccc2n1,5000,306.41
398,CHEMBL4095445,COc1ccc(CCNc2nc(NC(C)C)nc3ccccc23)cc1OC,7800,366.47
399,CHEMBL269863,O=C(CCO[N+](=O)[O-])NCCCNc1c2c(nc3ccccc13)CCCC2,28,372.43
400,CHEMBL4283651,O=C(Cc1c[nH]c2ccccc12)NCCC1CCN(Cc2ccccc2)CC1,0.87,375.52
401,CHEMBL3823317,COc1ccc2[nH]cc(CCNC(=O)CC3CCN(Cc4ccccc4C)CC3)c2c1,1030,419.57
402,CHEMBL3818332,O=C(/C=C/c1ccc(F)cc1)NCCC1CCN(Cc2ccccc2)CC1,7510,366.48
403,CHEMBL3818990,O=C(/C=C/c1ccc(Cl)cc1)NCCC1CCN(Cc2ccccc2)CC1,2070,382.94
404,CHEMBL4070769,N#CC1=C(N)N2CCCNC2=C([N+](=O)[O-])C12c1ccccc1-c1nc3ccccc3nc12,10200,423.44
405,CHEMBL4092602,N#CC1=C(N)N2CCCNC2=C([N+](=O)[O-])C12c1ccccc1-c1nc3ccc([N+](=O)[O-])cc3nc12,9700,468.43
406,CHEMBL4521755,Oc1cc(/C=N/c2c3c(nc4ccccc24)CCCC3)cc(O)c1O,120,334.38
407,CHEMBL4167753,Nc1c2c(nc3c1C(c1ccc(Cl)cc1)NC(=S)N3)CCCC2,372,344.87
408,CHEMBL542220,CNC(=O)Oc1cccc(CN(C)CCCOc2ccc3ccccc3c2)c1.Cl,205,414.93
409,CHEMBL3311038,COc1cc(OC)c(-c2coc3c4c(ccc3c2=O)OC(C)(C)C=C4)cc1OC,21770,394.42
410,CHEMBL362378,CC1(C)C=Cc2c(ccc(C(=O)/C=C/c3ccc(O)cc3)c2O)O1,2570,322.36
411,CHEMBL4064773,CNc1nc(NCCc2ccccc2)c2ccccc2n1,5000,278.36
412,CHEMBL4208869,CCCCCCCCCCNCC(=O)Nc1ccc2nc3n(c(=O)c2c1)CCC3,37.2,398.55
413,CHEMBL4203988,CCCCCCCCNCC(=O)Nc1ccc2nc3n(c(=O)c2c1)CCC3,45.7,370.5
414,CHEMBL98298,Cc1cn(C2C=CC(COP3(=O)Oc4ccccc4C(C(Cl)Cl)O3)O2)c(=O)[nH]c1=O,26000,475.22
415,CHEMBL1204162,Cl.O.c1ccc(CN2CCC(CCN=c3cc4c(n[nH]3)-c3ccccc3C4)CC2)cc1,230,439
416,CHEMBL327134,CC[C@H]1CN2CCc3c([nH]c4ccccc34)[C@H]2C[C@@H]1/C(=C\OC)C(=O)OC,1970,368.48
417,CHEMBL1204296,CCc1cc(=NCCC2CCN(Cc3ccccc3)CC2)[nH]nc1-c1ccccc1.Cl.Cl.O,920,491.51
418,CHEMBL4292477,Nc1ccc2oc(C(=O)NCCC3CCN(Cc4ccccc4)CC3)cc(=O)c2c1,4300,405.5
419,CHEMBL2414861,O=C(NN=C(c1ccccc1)c1ccccc1)Nc1ccncc1,18460,316.36
420,CHEMBL3943366,C#CCN1CCCC(CNS(=O)(=O)c2ccc3ccccc3c2)C1,1223,342.46
421,CHEMBL887,C#CCN[C@@H]1CCc2ccccc21,4760,171.24
422,CHEMBL3260177,Clc1ccccc1-n1cc(-c2ccccc2)nn1,41300,255.71
423,CHEMBL1094079,COc1cc(NC(=O)/C=C/c2cccc(OCc3ccccc3)c2)cc(OC)c1OC,3930,419.48
424,CHEMBL2007996,CC1=C[C@@H]2Cc3nc4cc(Cl)ccc4c(N)c3[C@H](C1)C2,222,284.79
425,CHEMBL1784958,C[C@H](Cc1ccccc1)N(C)C(=O)Oc1cccc([C@H](C)N(C)C)c1.Cl,24400,376.93
426,CHEMBL4875517,Fc1ccc(CN2CCC(c3cc4ccccc4o3)CC2)cc1,55755,309.38
427,CHEMBL3237534,c1cc(-c2nnc3sc(-c4ccoc4)nn23)ccn1,36200,269.29
428,CHEMBL4171284,Nc1c2c(nc3c1C(c1ccccc1)NC(=S)N3)CCCC2,5680,310.43
429,CHEMBL4160908,COc1ccccc1C1NC(=S)Nc2nc3c(c(N)c21)CCCC3,11700,340.45
430,CHEMBL2425412,O=C1NC(=S)NC(=O)C1=CNNC(=S)Nc1ccc(Br)cc1,68410,400.28
431,CHEMBL3289936,CN(C)c1ccc(/C=C2/CNC/C(=C\c3ccc(N(C)C)cc3[N+](=O)[O-])C2=O)c([N+](=O)[O-])c1,22650,451.48
432,CHEMBL3335060,O=c1oc2cc(OCCN3CCN(Cc4ccccc4)CC3)ccc2c2ccccc12,12100,414.51
433,CHEMBL4541312,Oc1ccc(/C=N/c2ccc(-c3nc4ccccc4o3)cc2)cc1,27000,314.34
434,CHEMBL3818089,COc1cc(/C=C/C(=O)NCCC2CCN(Cc3ccccc3)CC2)ccc1O,76,394.52
435,CHEMBL1952059,Cl.O/N=C/C1=NCCN1Cc1ccc(Cl)cc1Cl,3900,308.6
436,CHEMBL1952064,Cl.O/N=C/C1=NCCCN1Cc1ccc(Cl)cc1Cl,6300,322.62
437,CHEMBL1257131,COC(=O)[C@H]1[C@H]2C[C@H]3c4[nH]c5ccccc5c4CCN3C[C@H]2CC[C@@H]1O.Cl,13680,390.91
438,CHEMBL4061433,CCN(CC)c1ccc(/C=C/c2ccc3ccccc3[n+]2C)c(O)c1.[I-],1100,460.36
439,CHEMBL4294609,O=C(NCCC1CCN(Cc2ccccc2)CC1)c1cc(=O)c2cc(O)ccc2[nH]1,9880,405.5
440,CHEMBL3237784,Clc1ccc(C2=Nn3c(nnc3-c3ccncc3)SC2)cc1Cl,12200,362.25
441,CHEMBL1784957,C[C@@H](Cc1ccccc1)NC(=O)Oc1cccc([C@H](C)N(C)C)c1.Cl,7322,362.9
442,CHEMBL4102718,CCN(CC)CCCCOc1ccc(/C=C/C(=O)Nc2ccccc2)cc1OC,25070,396.53
443,CHEMBL4085283,COc1cc(/C=C/C(=O)Nc2ccccc2)ccc1OCCCN1CCCC1,14190,380.49
444,CHEMBL3764100,Cc1ccc2c(c1)C1(C(=O)N2)C(C#N)=C(N)N2CCCNC2=C1[N+](=O)[O-],12340,352.35
445,CHEMBL3338993,CN(C)CCCCCOc1ccc(C(=O)/C=C/c2ccccc2)cc1,17420,337.46
446,CHEMBL3237542,Fc1ccc(OCc2nn3c(-c4ccncc4)nnc3s2)cc1,54090,327.34
447,CHEMBL3237780,Cc1ccc(C2=Nn3c(nnc3-c3ccncc3)SC2)cc1,26070,307.38
448,CHEMBL575613,CC1=CC2Cc3nc4ncccc4c(N)c3C(C1)C2,342,251.33
449,CHEMBL190322,CNC(=O)Oc1cccc2c1SCC1CCN(C)C21,10.5,278.38
450,CHEMBL431784,CNC(=O)Oc1ccc2c(c1)[C@]1(C)CCN(C)C1N2,6.8,261.32
451,CHEMBL4173258,C#CCN(C)Cc1cc2cc(OCCCN3CCCCC3)ccc2n1C,1690,353.51
452,CHEMBL553187,CN(CCCCCNc1ccc(-c2ccccc2)nn1)Cc1ccccc1.Cl,340,396.97
453,CHEMBL188274,CNC(=O)Oc1cccc(C(C)N(C)C)c1.Cl,406,258.75
454,CHEMBL371787,CC(NC(=O)Oc1cccc2c1OCC1CCN(C)C21)c1ccccc1,209,352.43
455,CHEMBL464724,Cc1c([C@H](C)[C@@H]2NC[C@@H](C)C[C@H]2O)ccc2c1C[C@H]1[C@H]2CC=C2C[C@@H](O)CC[C@@]21C,19460,409.61
456,CHEMBL1512936,C[C@@H]1CC[C@H]2[C@H](C)[C@H]3CC[C@@]4(O)[C@@H]5CC(=O)[C@H]6CC(=O)CC[C@]6(C)[C@H]5C[C@H]4[C@@H]3CN2C1,270,427.63
457,CHEMBL376434,COc1ccc2[nH]c3c[n+](C)ccc3c2c1,17458.22,213.26
458,CHEMBL366411,COC1C=CC[C@@H]2Oc3ccc(Cl)cc3C(=O)[C@]12C#N,270,289.72
459,CHEMBL187870,CCCCCCCNC(=O)Oc1cccc2c1OCC1CCN(C)C21,1.26,346.47
460,CHEMBL4283770,CN(C)CCOc1ccc(/C=C2\COc3ccccc3C2=O)cc1,9310,323.39
461,CHEMBL4289104,CN(C)CCCOc1cccc(/C=C2\COc3ccccc3C2=O)c1,39300,337.42
462,CHEMBL1773484,CN(Cc1ccccc1)Cc1ccc(C(=O)c2ccc(OCCCN3CCOCC3)cc2)cc1,21000,458.6
463,CHEMBL252380,CCOC(=O)c1c(C)nc2nc3c(c(N)c2c1-c1ccc(F)cc1)CCCC3,12000,379.44
464,CHEMBL3356530,O=C1C=C(NCCNc2c3c(nc4ccccc24)CCCC3)C(=O)c2ccccc21,5.45,397.48
465,CHEMBL3356536,O=C1C(NCCNc2c3c(nc4cc(Cl)ccc24)CCCC3)=CC(=O)c2c(O)cccc21,542,447.92
466,CHEMBL3356538,COc1ccc2nc3c(c(NCCNC4=CC(=O)c5c(O)cccc5C4=O)c2c1)CCCC3,1280,443.5
467,CHEMBL4070462,CC(C)Nc1nc(NCCc2ccccc2)c2ccccc2n1,1600,306.41
468,CHEMBL4099790,COc1ccc(CNc2nc(NC(C)C)nc3ccccc23)cc1OC,29800,352.44
469,CHEMBL4095695,COc1cc(/C=C/C(=O)Nc2ccccc2)ccc1OCCN1CCCCC1,2340,380.49
470,CHEMBL4795118,Cc1ccc(/C=N\C2CCN(Cc3ccccc3)C2)cc1,4864,278.4
471,CHEMBL2386992,O=C1C=CC(=O)N1c1ccncc1,11020,174.16
472,CHEMBL601889,O=C(NCc1ccccc1)O[C@H]1CO[C@H]2[C@@H]1OC[C@H]2OCc1ccccc1,52,369.42
473,CHEMBL1770314,CC1(C)C=Cc2c(cc(O)c3c(=O)c4c(oc23)-c2ccc(O)cc2OC(C(C)(C)O)C4)O1,1700,436.46
474,CHEMBL317162,CNC(=O)Oc1ccc2c(c1)[C@@]1(C)CCN(C)C1N2Cc1ccccc1,1589.5,351.45
475,CHEMBL3765496,N#CC1=C(N)N(Cc2ccccc2)C(NCc2ccccc2)=C([N+](=O)[O-])C12C(=O)Nc1ccccc12,15280,478.51
476,CHEMBL4280947,CN(C)CCN(CC1CCCN(C2Cc3ccccc3C2)C1)C(=O)c1cc2ccccc2oc1=O,9.5,473.62
477,CHEMBL375077,COc1ccc2c(c1)c1ccnc(C)c1n2C,17400,226.28
478,CHEMBL4075840,O=C(NCC1CCCN(Cc2ccccc2)C1)c1ccc2ccccc2c1,1437,358.49
479,CHEMBL4089230,CN(C)CCN(CC1CCCN(C2Cc3ccccc3C2)C1)C(=O)c1ccc2ccccc2c1,1.03,455.65
480,CHEMBL539051,CCC1=CC2Cc3nc4ccccc4c(N)c3C(C1)C2.Cl,79.3,300.83
481,CHEMBL3925400,COc1cccc2c1C=[N+](c1ccccc1I)CC2.[Br-],28900,444.11
482,CHEMBL4086152,CCN(CC)c1ccc(/C=C/c2cc(N3CCN(C)CC3)c3ccccc3[n+]2C)c(O)c1.[I-],1700,558.51
483,CHEMBL219405,CCOC(=O)C1=C(C)Nc2nc3c(c(N)c2C1c1ccc([N+](=O)[O-])cc1)CCCC3,34400,408.46
484,CHEMBL2163791,O[C@H]1CCN2Cc3ccccc3N=C12,3130,188.23
485,CHEMBL4535585,Oc1ccc(CNc2c3c(nc4ccccc24)CCCC3)cc1O,74.8,320.39
486,CHEMBL492098,COc1ccc(C(=O)c2ccc(CN(CCN(C)C)Cc3ccccc3)cc2)cc1OC,33200,432.56
487,CHEMBL187385,CCNC(=O)Oc1cccc2c1OCC1CCN(C)C21,44.41,276.34
488,CHEMBL237874,CN[C@@H](C)[C@H]1[C@H](O)C[C@@]2(C)[C@@H]3CC[C@@H]4[C@@H](CC[C@H](NC(=O)C(C)C)[C@@]4(C)CO)C[C@H]3C(=O)C[C@]12C,1440,490.73
489,CHEMBL1952063,Cl.O/N=C/C1=NCCCN1Cc1ccccc1,11000,253.73
490,CHEMBL556939,C[C@]1(CO)CCC[C@]2(C)[C@H]1C[C@H](O)[C@@]13C[C@@H](CC[C@@H]21)[C@]1(C)O[C@@H]13,25000,320.47
491,CHEMBL95375,Cc1cn(C2C=CC(COP3(=O)OCc4ccc5ccccc5c4O3)O2)c(=O)[nH]c1=O,250,442.36
492,CHEMBL95272,COC(=O)CCc1ccc2c(c1)COP(=O)(OCC1C=CC(n3cc(C)c(=O)[nH]c3=O)O1)O2,8800,478.39
493,CHEMBL539045,CNC(=O)Oc1cccc(CN(C)CCCOc2ccccc2)c1.Cl,24.8,364.87
494,CHEMBL13206,CN(C)Cc1ccc(CSCCN/C=C(/NCCSCc2ccc(CN(C)C)o2)[N+](=O)[O-])o1,1300,497.69
495,CHEMBL1761993,[Br-].[Br-].c1ccc2c(c1)ccc[n+]2CCCCC[n+]1cccc2ccccc21,34000,488.27
496,CHEMBL2163793,CCC1=C[C@@H]2CN3CCc4c([nH]c5ccccc45)[C@@](C(=O)OC)(C2)[C@@H]13,3170,336.44
497,CHEMBL3902616,COc1cccc([N+]2=Cc3c(cccc3OC)CC2)c1.[Br-],77300,348.24
498,CHEMBL106348,CN(C)CCNc1cc(NCCSCc2ccc(CN(C)C)o2)c([N+](=O)[O-])cc1[N+](=O)[O-],1400,466.56
499,CHEMBL273051,O=C(CO/N=[N+](\[O-])N1CCCC1)NCCCNc1c2c(nc3ccccc13)CCCC2,15.3,426.52
500,CHEMBL407320,O=[N+]([O-])OCCCNCCCCNc1c2c(nc3ccccc13)CCCC2,9.9,372.47
501,CHEMBL100366,CN1CC[C@@]2(C)c3cc(OC(=O)Nc4ccccc4)ccc3N(C=O)C12,1473,351.41
502,CHEMBL490507,COc1ccc(C(=O)c2ccc(CN(C)Cc3ccccc3)cc2)cc1OC,60700,375.47
503,CHEMBL12937,CN(C)Cc1ccc(CSCCCCSCc2ccc(CN(C)C)o2)o1,3100,396.62
504,CHEMBL603913,O=C(NCc1ccccc1)O[C@H]1CO[C@@H]2[C@H](CCCc3ccccc3)CO[C@@H]21,201,381.47
505,CHEMBL106344,CN(C)Cc1ccc(CSCCNc2cc(NCc3ccccn3)c([N+](=O)[O-])cc2[N+](=O)[O-])o1,5200,486.55
506,CHEMBL295462,CNC(=O)Oc1ccc2c(c1)c(C)cn2Nc1ccncc1F,190,314.32
507,CHEMBL1784956,C[C@H](Cc1ccccc1)NC(=O)Oc1cccc([C@H](C)N(C)C)c1.Cl,416,362.9
508,CHEMBL1642971,CC(C)(C)c1cc[n+](CC[n+]2ccc(C(C)(C)C)cc2)cc1.[Br-].[Br-],20000,458.28
509,CHEMBL340427,CNC(=O)Oc1cccc(CN(C)CCCOc2ccc3c(=O)c4ccccc4oc3c2)c1,48000,446.5
510,CHEMBL3972801,CN(C)C(=O)Oc1ccc(/C=C/C(=O)c2ccc(O)cc2)cc1,4480,311.34
511,CHEMBL320291,CNc1cc(NCCSCc2ccc(CN(C)C)o2)c([N+](=O)[O-])cc1[N+](=O)[O-],3300,409.47
512,CHEMBL3818689,COc1ccc(/C=C/C(=O)NCCC2CCN(Cc3ccccc3)CC2)cc1OC,2540,408.54
513,CHEMBL3093794,[Br-].[Br-].c1cc[n+](CCCCCCC[n+]2ccc3ccccc3c2)cc1,1000,466.26
514,CHEMBL1819169,c1ccc2c(NCCCCCCN3CCOCC3)c3c(nc2c1)CCCC3,101,367.54
515,CHEMBL2235388,Cc1cc(CN(CCO)Cc2cc(C)n(C)n2)nn1C,68000,277.37
516,CHEMBL321808,CN(C)Cc1ccc(CSCCNc2nnccc2[N+](=O)[O-])o1,10000,337.41
517,CHEMBL1642986,CC(C)(C)c1cc[n+](Cc2cccc(C[n+]3ccc(C(C)(C)C)cc3)c2)cc1.[Br-].[Br-],1900,534.38
518,CHEMBL610339,CCOC(=O)/C=C1\CO[C@@H]2[C@@H](OC(=O)NCc3ccccc3)CO[C@H]12,4800,347.37
519,CHEMBL600013,O=C(NCc1ccccc1)O[C@H]1CO[C@H]2[C@@H]1OC[C@H]2OC(=O)NCc1ccccc1,400,412.44
520,CHEMBL2088785,N#Cc1cc(C#N)c(NCCCC2CCN(Cc3ccccc3)CC2)nc1N,6600,374.49
521,CHEMBL2088784,N#Cc1cc(C#N)c(NCCC2CCN(Cc3ccccc3)CC2)nc1N,260,360.47
522,CHEMBL3338957,Clc1ccc(C2=Nn3c(nnc3-c3cccnc3)SC2)cc1,9820,327.8
523,CHEMBL1642983,CC(C)(C)c1cc[n+](C/C=C/C[n+]2ccc(C(C)(C)C)cc2)cc1.[Br-].[Br-],19000,484.32
524,CHEMBL1914495,C=CC(CBr)Nc1c2c(nc3ccc(OC)cc13)CCCC2,78800,361.28
525,CHEMBL3335049,COc1cccc(CN2CCN(CCCOc3ccc4c5c(c(=O)oc4c3)CCCC5)CC2)c1,18400,462.59
526,CHEMBL229105,O=C(OCCCCN1CCC(OCc2ccccc2)CC1)c1ccc(F)cc1,560,385.48
527,CHEMBL3819383,COc1cc(/C=C/C(=O)NCCC2CCN(Cc3ccccc3)CC2)ccc1OC(C)=O,245,436.55
528,CHEMBL3818250,COc1cc(CCC(=O)NCCC2CCN(Cc3ccccc3)CC2)ccc1O,286,396.53
529,CHEMBL95465,COC(=O)CCc1cccc2c1OP(=O)(OCC1C=CC(n3cc(C)c(=O)[nH]c3=O)O1)OC2,2700,478.39
530,CHEMBL321605,CN(C)Cc1ccc(CSCCNc2cc(NN)c([N+](=O)[O-])cc2[N+](=O)[O-])o1,5100,410.46
531,CHEMBL1202875,Cl.Cl.O.c1ccc(CN2CCC(CCOc3ccc(-c4ccccc4)nn3)CC2)cc1,1600,464.44
532,CHEMBL188821,[Br-].[Br-].c1cc(C[n+]2ccc(N3CCCCC3)cc2)ccc1C[n+]1ccc(N2CCCCC2)cc1,610,588.43
533,CHEMBL3946448,COc1ccc2[nH]c3c(C(=O)c4ccc(C(F)(F)F)cc4)nccc3c2c1,1420,370.33
534,CHEMBL606050,CCCCNC(=O)O[C@H]1CO[C@H]2[C@@H]1OC[C@H]2OC(=O)NCCCC,1220,344.41
535,CHEMBL3425894,C[n+]1c(/C=C/c2cc3ccccc3[nH]2)ccc2ccccc21.[I-],2400,412.27
536,CHEMBL4799601,COc1cccc2cc[n+](-c3ccc(C(F)(F)F)cc3)cc12.[Br-],33500,384.19
537,CHEMBL4794030,O=C(Nc1ccccc1)OC1CCN(Cc2ccccc2)CC1,6550,310.4
538,CHEMBL4780895,C#CCN1CCCC(OC(=O)Nc2ccccc2)C1,84500,258.32
539,CHEMBL2419687,N#Cc1cc(C#N)c(NCCCC2CCN(Cc3ccccc3)CC2)nc1Cl,8390,393.92
540,CHEMBL3237778,Clc1cccc(C2=Nn3c(nnc3-c3ccncc3)SC2)c1,39410,327.8
541,CHEMBL4163376,Cc1ccc(C2NC(=S)Nc3nc4c(c(N)c32)CCCC4)cc1,3470,324.45
542,CHEMBL4166300,COc1cc2c(cc1OC)C(=O)/C(=C/C1CCN(Cc3cc(N)c4ccccc4n3)CC1)C2,3690,443.55
543,CHEMBL258893,COc1ccc2c(c[n+](C)c3c4cc5c(cc4ccc23)OCO5)c1OC.[Cl-],10340,383.83
544,CHEMBL418917,CN1CC[C@@]2(C)c3cc(OC(=O)Nc4ccccc4)ccc3NC12,516.3,323.4
545,CHEMBL2414862,C/C(=N\NC(=O)Nc1ccncc1)c1ccc(O)cc1,358,270.29
546,CHEMBL3220801,C[C@@]12CC[C@@H]3[C@@](CC[C@H]4[C@@]3(C)CCC[C@@]4(C)C(=O)OCC[N+](C)(C)C)(CC1=O)C2.[I-],30000,531.52
547,CHEMBL4789164,COc1cccc2cc[n+](-c3ccccc3)cc12.[Br-],80300,316.2
548,CHEMBL189906,CNC(=O)Oc1cccc2c1OCC1CCN(C)C21,59.4,262.31
549,CHEMBL3356535,O=C1C(NCCCNc2c3c(nc4ccccc24)CCCC3)=CC(=O)c2c(O)cccc21,14.5,427.5
550,CHEMBL3356953,O=C1C(Cl)=C(NCCNc2c3c(nc4ccccc24)CCCC3)C(=O)c2ccccc21,96.1,431.92
551,CHEMBL261384,O=[N+]([O-])OCCCCCCNCCCNc1c2c(nc3ccccc13)CCCC2,21.7,400.52
552,CHEMBL557181,Cl.O=C(CCC1CCN(Cc2ccccc2)CC1)c1ccc2c(c1)OCCO2,4800,401.93
553,CHEMBL4794000,Brc1ccc(/C=N\C2CCN(Cc3ccccc3)C2)cc1,1185,343.27
554,CHEMBL4741398,Brc1ccc(CNC2CCN(Cc3ccccc3)C2)cc1,758,345.28
555,CHEMBL4078463,CCN(CC)CCCOc1ccc(/C=C/C(=O)Nc2ccccc2)cc1OC,16880,382.5
556,CHEMBL4100338,Cc1cc2nc3c(nc2cc1C)C1(C(C#N)=C(N)N2CC(C)(C)CNC2=C1[N+](=O)[O-])c1ccccc1-3,8800,479.54
557,CHEMBL4086248,COc1ccc(CCNc2nc(NC3CC3)nc3ccccc23)cc1OC,5600,364.45
558,CHEMBL4098421,CNc1nc(NCc2ccc(OC)c(OC)c2)c2ccccc2n1,30500,324.38
559,CHEMBL3338991,CN(C)CCCOc1ccc(C(=O)/C=C/c2ccccc2)cc1,32290,309.41
560,CHEMBL4284591,COc1cc(OC)c2c(=O)cc(C(=O)NCCC3CCN(Cc4ccccc4)CC3)oc2c1,6300,450.54
561,CHEMBL4159832,Nc1c2c(nc3c1C(c1ccc(F)cc1)NC(=S)N3)CCCC2,10000,328.42
562,CHEMBL4559112,CN1c2ccc(OC(=O)NCCCCN3CCOCC3)cc2CN2CCc3ccccc3C21,50.6,450.58
563,CHEMBL4439554,Oc1ccc(/C=N/c2c3c(nc4ccccc24)CCCC3)cc1,194,302.38
564,CHEMBL3918773,CCCc1n[nH]c2c1C(c1cccc([N+](=O)[O-])c1)c1c(nc3c(c1N)CCCC3)O2,12,405.46
565,CHEMBL3920448,CCCc1n[nH]c2c1C(c1cc(OC)c(OC)c(OC)c1)c1c(nc3c(c1N)CCCC3)O2,42,450.54
566,CHEMBL4172510,O=C(Nc1ccncc1Br)OCCCCCNCc1ccccc1,5270,392.3
567,CHEMBL2396908,CC(C)(C)OC(=O)NCCNc1nc2ccccc2[nH]1,71920,276.34
568,CHEMBL4469668,CN1c2ccc(OC(=O)NCCN3CCc4ccccc4C3)cc2CN2CCc3ccccc3C21,1737.8,468.6
569,CHEMBL4516376,CN1c2ccc(OC(=O)NCCN3CCOCC3)cc2CN2CCc3ccccc3C21,7772,422.53
570,CHEMBL4175914,COc1ccccc1CNCCCCCCNC(=O)c1cc(Cl)nc(Cl)c1,45500,410.35
571,CHEMBL606885,Cc1cccc2c1OP(=O)(OC[C@H]1C=C[C@@H](n3cnc4c(NC5CC5)nc(N)nc43)C1)OC2,1300,468.45
572,CHEMBL1642985,CC(C)(C)c1cc[n+](Cc2ccccc2C[n+]2ccc(C(C)(C)C)cc2)cc1.[Br-].[Br-],2400,534.38
573,CHEMBL1642984,CC(C)(C)c1cc[n+](C/C=C\C[n+]2ccc(C(C)(C)C)cc2)cc1.[Cl-].[Cl-],4400,395.42
574,CHEMBL1642972,CC(C)(C)c1cc[n+](CCC[n+]2ccc(C(C)(C)C)cc2)cc1.[Br-].[Br-],53000,472.31
575,CHEMBL389049,O=C(OCCCCN1CCC(OCc2ccccc2)CC1)c1cccc(Cl)c1,1350,401.93
576,CHEMBL389048,O=C(OCCCCN1CCC(OCc2ccccc2)CC1)c1ccc(Cl)cc1,3520,401.93
577,CHEMBL3093800,[Br-].[Br-].c1cc[n+](CCCCCCCC[n+]2cccc3ccccc32)cc1,2000,480.29
578,CHEMBL107673,CN(C)Cc1ccc(CSCCNc2cc(NCc3cccnc3)c([N+](=O)[O-])cc2[N+](=O)[O-])o1,6100,486.55
579,CHEMBL104355,CN(C)Cc1ccc(CSCCNc2ccc(F)cc2[N+](=O)[O-])o1,3300,353.42
580,CHEMBL223807,Cc1ccc2c(c1)COP(=O)(OC[C@@H]1C=C[C@H](n3cc(C)c(=O)[nH]c3=O)O1)O2,4600,406.33
581,CHEMBL1642973,CC(C)(C)c1cc[n+](CCCC[n+]2ccc(C(C)(C)C)cc2)cc1.[Br-].[Br-],5500,486.34
582,CHEMBL1642970,CC(C)(C)c1cc[n+](C[n+]2ccc(C(C)(C)C)cc2)cc1.[Br-].[Br-],34000,444.26
583,CHEMBL1376358,CCCCNc1nc2ccccc2[nH]1,61010,189.26
584,CHEMBL543711,Cl.c1ccc(-c2ccc(NCCCCCN3CCc4ccccc4C3)nn2)cc1,310,408.98
585,CHEMBL221156,Cc1cn([C@H]2C=C[C@@H](COP3(=O)OCc4cccc(-c5ccccc5)c4O3)O2)c(=O)[nH]c1=O,350,468.4
586,CHEMBL1761991,[Br-].[Br-].c1ccc2c(c1)ccc[n+]2CCC[n+]1cccc2ccccc21,13000,460.21
587,CHEMBL2314726,COc1cc2cc(NC(=O)[C@H]3CCC[C@@H](NCc4ccccc4)C3)c(=O)oc2cc1OC,2330,436.51
588,CHEMBL4640168,COc1c2c(cc3c1OCO3)[C@]13C=C[C@H](OC)C[C@@H]1[N@](C2)C[C@H]3OC(=O)c1cccc(C)c1,860,449.5
589,CHEMBL1952058,Cl.O/N=C/C1=NCCN1Cc1ccccc1,10000,239.71
590,CHEMBL1952050,CC(C)CC/N=C(/C=N/O)N(C)C.Cl,66000,221.73
591,CHEMBL2064470,CN(CCCN1CCN(CCNc2c3c(nc4ccccc24)CCCC3)CC1)c1ccccc1,211,457.67
592,CHEMBL272229,O=[N+]([O-])OCCNCCCNc1c2c(nc3ccccc13)CCCC2,5.2,344.42
593,CHEMBL272230,O=C(CCO[N+](=O)[O-])NCCCCNc1c2c(nc3ccccc13)CCCC2,15.1,386.45
594,CHEMBL217521,CC12CC3Cc4nc5cc(Cl)ccc5c(N)c4C(C1)C3N2S(C)(=O)=O,9220,377.9
595,CHEMBL2064468,CN(CCCN1CCN(CCNc2c3c(nc4ccccc24)CCCC3)CC1)C1CCCCC1,137,463.71
596,CHEMBL399040,CCOC(=O)c1c(C)nc2nc3c(c(N)c2c1-c1cccc(OC)c1)CCCC3,31000,391.47
597,CHEMBL252781,Cc1nc2nc3c(c(N)c2c(-c2ccccc2)c1C(=O)OC(C)C)CCCC3,12000,375.47
598,CHEMBL1917825,C=CCCCNc1c2c(nc3ccc(OC)cc13)CCCC2,1100,296.41
599,CHEMBL374729,COc1ccc2[nH]c3c(C)[n+](C)ccc3c2c1,1200,227.29
600,CHEMBL2112391,Cc1cccc2c1OP(=O)(OC[C@@H]1C[C@@H](F)[C@H](n3cnc4c(N)ncnc43)O1)OC2,1100,435.35
601,CHEMBL3920567,CCN(C)C(=O)Oc1ccccc1C(=O)/C=C/c1ccc(O)cc1,4370,325.36
602,CHEMBL3934261,CCN(C)C(=O)Oc1ccc(/C=C/C(=O)c2ccc(O)cc2)cc1,6080,325.36
603,CHEMBL3985651,CCCc1n[nH]c2c1C(c1ccccc1OC)c1c(nc3c(c1N)CCCC3)O2,18,390.49
604,CHEMBL3929352,CCCc1n[nH]c2c1C(c1ccccc1)c1c(nc3c(c1N)CCCCC3)O2,43,374.49
605,CHEMBL130478,CSc1nc(-c2ccc(OC(F)(F)F)cc2)nn1C(=O)N(C)C,200,346.33
606,CHEMBL4583534,FC(F)(F)c1ccc(CNC2CCN(Cc3ccccc3)CC2)cc1,3000,348.41
607,CHEMBL75919,CN1CC[C@]2(C)c3cc(OC(=O)Nc4ccccc4)ccc3N(C)C12,23490,337.42
608,CHEMBL3628067,COc1ccc2[nH]cc(CCNC(=O)/C=C/c3cc[n+](Cc4cccc(F)c4)cc3)c2c1.[Br-],1100,510.41
609,CHEMBL4283585,CN(C)CCN(CC1CCCN(C2Cc3ccccc3C2)C1)C(=O)c1ccc2cccnc2c1O,13.8,472.63
610,CHEMBL4288849,CN(C)CCN(CC1CCCN(C2Cc3ccccc3C2)C1)C(=O)/C=C/c1ccc(O)cc1,71,447.62
611,CHEMBL4279606,COc1ccc(C(=O)N(CCN(C)C)CC2CCCN(C3Cc4ccccc4C3)C2)cc1,237,435.61
612,CHEMBL269865,O=C(CO[N+](=O)[O-])NCCCNc1c2c(nc3ccccc13)CCCC2,13.5,358.4
613,CHEMBL270349,CC(C)(CO[N+](=O)[O-])C(=O)NCCCNc1c2c(nc3ccccc13)CCCC2,5.5,400.48
614,CHEMBL260308,O=[N+]([O-])OCCCCCCNCCCCNc1c2c(nc3ccccc13)CCCC2,10.8,414.55
615,CHEMBL4064686,O=C(CC[C@@H](NC(=O)c1ccccc1)C(=O)O)NCCC1CCN(Cc2ccccc2)CC1,82000,451.57
616,CHEMBL252378,CCOC(=O)c1c(C)nc2nc3c(c(N)c2c1-c1ccc(OC)cc1)CCCCC3,80600,405.5
617,CHEMBL3818512,COc1cccc(/C=C/C(=O)NCCC2CCN(Cc3ccccc3)CC2)c1,980,378.52
618,CHEMBL3818992,O=C(/C=C/c1ccc(O)c(O)c1)NCCC1CCN(Cc2ccccc2)CC1,690,380.49
619,CHEMBL3945872,COc1cc(/C=C/C(=O)Nc2cccc(CN(C)Cc3ccccc3)c2)ccc1O,5890,402.49
620,CHEMBL4563313,c1ccc2[nH]c(SCCSc3nc4ccccc4[nH]3)nc2c1,3026,326.45
621,CHEMBL3919289,O=C1NCCCc2c1c1ccccc1n2CCc1ccc(F)cc1,5000,322.38
622,CHEMBL3628183,COc1ccc2[nH]cc(CCNC(=O)/C=C/c3cc[n+](Cc4ccc(F)cc4)cc3)c2c1.[Br-],710,510.41
623,CHEMBL3763535,O=c1oc2cc(OCCNC3CCN(Cc4ccccc4)CC3)ccc2c2c1CCCC2,1980,432.56
624,CHEMBL2165109,Cc1cccc2c1O[P@](=O)(OC[C@@H]1C=C[C@H](n3cc(C)c(=O)[nH]c3=O)O1)OC2,240,406.33
625,CHEMBL4638758,Cc1ccc2cc(NC(=O)Cn3c(-c4nonc4N)nc4ccccc43)ccc2n1,320,399.41
626,CHEMBL4644410,COc1ccccc1C(=O)O[C@@H]1C[N@@]2Cc3c(cc4c(c3OC)OCO4)[C@@]13C=C[C@H](OC)C[C@H]23,430,465.5
627,CHEMBL110077,CC1=C[C@@H]2Cc3nc4cc(F)ccc4c(N)c3[C@H](C1)C2,197,268.33
628,CHEMBL4214932,O=C(CNCc1ccccc1)Nc1ccc2nc3n(c(=O)c2c1)CCC3,145,348.41
629,CHEMBL4205651,O=C(CNCc1ccccc1F)Nc1ccc2nc3n(c(=O)c2c1)CCC3,108,366.4
630,CHEMBL4458648,S=C(NCc1ccccc1)NNc1c2c(nc3ccccc13)CCCC2,32.6,362.5
631,CHEMBL3927698,CCCc1n[nH]c2c1C(c1ccc(OC)cc1)c1c(nc3c(c1N)CCCC3)O2,6,390.49
632,CHEMBL4754186,O=c1ccoc2ccc(OCCCN3CCCCCC3)cc12,25000,301.39
633,CHEMBL3910513,COc1cc2c(cc1OC)C(=O)C(CC1CCN(Cc3ccccn3)CC1)C2,38600,380.49
634,CHEMBL3944652,COc1cc2c(cc1OC)C(=O)C(CC1CCN(Cc3cccc(Cl)n3)CC1)C2,78700,414.93
635,CHEMBL4758638,c1ccc(CNC2CCN(Cc3ccccc3)C2)cc1,1574,266.39
636,CHEMBL3338955,COc1ccc(OCc2nn3c(-c4cccnc4)nnc3s2)cc1,55800,339.38
637,CHEMBL3338951,Oc1ccccc1OCc1nn2c(-c3cccnc3)nnc2s1,3020,325.35
638,CHEMBL4078528,CCN(CC)c1ccc(/C=C/c2cc(N3CCOCC3)c3ccccc3[n+]2C)c(O)c1.[I-],2300,545.47
639,CHEMBL4278201,COCCN(CC1CCCN(C2Cc3ccccc3C2)C1)C(=O)c1ccc2cccnc2c1O,265.8,459.59
640,CHEMBL4525409,COc1ccc(NC(=S)NNc2c3c(nc4ccccc24)CCCC3)cc1,568,378.5
641,CHEMBL3943230,CCN(C)C(=O)Oc1cccc(/C=C/C(=O)c2ccc(O)cc2)c1,2520,325.36
642,CHEMBL4471734,O=c1oc2ccccc2c2c1cnn2Cc1cn(-c2c(Cl)cc(Cl)cc2Cl)nn1,18000,446.68
643,CHEMBL812,CN(C)C(=O)Oc1ccc[n+](C)c1.[Br-],1000,261.12
644,CHEMBL4799709,O=C(Nc1ccccc1)OC1CCN(C2Cc3ccccc3C2)CC1,18100,336.44
645,CHEMBL4793319,C#CCN1CCC(OC(=O)N(C)CC)CC1,11400,224.3
646,CHEMBL4782697,O=C(Nc1ccccc1)OCC1CCCN(C2Cc3ccccc3C2)C1,179.5,350.46
647,CHEMBL4788885,COc1cccc2cc[n+](-c3cccc(Cl)c3)cc12.[Br-],36400,350.64
648,CHEMBL4789019,COc1cccc2cc[n+](-c3ccc(Br)cc3)cc12.[Br-],21600,395.09
649,CHEMBL43065,Oc1cc(O)cc(/C=C/c2ccc(O)cc2O)c1,2950,244.25
650,CHEMBL573095,CCC1=CC2Cc3nc4cc(Cl)ccc4c(NCCO)c3C(C1)C2,3640,342.87
651,CHEMBL99581,CNC(=O)Oc1ccc2c(c1)[C@]1(C)CCN(C)C1N2C=O,46,289.34
652,CHEMBL4796307,C(=N\C1CCN(Cc2ccccc2)C1)\c1ccccc1,2684,264.37
653,CHEMBL4591651,c1ccc(CC2CCCN(CCNC3CCN(Cc4ccccc4)C3)C2)cc1,1840,377.58
654,CHEMBL133897,CCOc1nn(-c2cccc(OCc3ccccc3)c2)c(=O)o1,920,312.32
655,CHEMBL228950,O=C(OCCCCN1CCC(OCc2ccccc2)CC1)c1ccccc1,1890,367.49
656,CHEMBL2064465,CCN(CCC(=O)N1CCN(CCNc2c3c(nc4ccccc24)CCCC3)CC1)C1CCCCC1,41.2,491.72
657,CHEMBL130645,CSc1nc(-c2ccc(Cl)cc2)nn1C(=O)N1CCOCC1,14000,338.82
658,CHEMBL1413473,CC(=O)NC1=NN(C(C)=O)C(C)(c2ccccc2)S1,4.9,277.35
659,CHEMBL4749704,Fc1ccc(CNC2CCN(Cc3ccccc3)C2)cc1,791,284.38
660,CHEMBL295124,COc1ccc2cc3[n+](cc2c1OC)CCc1cc2c(cc1-3)OCO2,30700,336.37
661,CHEMBL3742387,O=C(c1ccc(C(F)(F)F)cc1)c1nccc2c1[nH]c1ccccc12,1290,340.3
662,CHEMBL4459416,Cl.Cl.N[C@@H](Cc1c[nH]c2ccccc12)C(=O)NCCCCNc1c2c(nc3ccccc13)CCCC2,123,528.53
663,CHEMBL2396913,CC1CCCCN1c1nc2ccccc2[nH]1,2030,215.3
664,CHEMBL4793075,CCN(C)C(=O)Oc1ccc(/C=C/C(=O)N2CCc3ccccc3C2)cc1OC,970,394.47
665,CHEMBL1294,C=C[C@H]1CN2CC[C@H]1C[C@@H]2[C@@H](O)c1ccnc2ccc(OC)cc12,1230,324.42
666,CHEMBL3764305,COc1ccc2c3c1O[C@H]1CC(O)CC[C@@]31CCN(C)C2,6120,289.37
667,CHEMBL1719948,CC(C)(O)CCc1c(-c2ccc(O)cc2O)oc2c3c(cc(O)c2c1=O)OC(C)(C)C=C3,1700,438.48
668,CHEMBL4536715,Oc1ccc(/C=N/c2c3c(nc4ccccc24)CCCC3)cc1O,41.5,318.38
669,CHEMBL228301,O=C(OCCCCN1CCC(OCc2ccccc2)CC1)c1ccc([N+](=O)[O-])cc1,5230,412.49
670,CHEMBL4203538,COc1ccc(CC(=O)Nc2ccc(CN(C)Cc3ccccc3)cc2)cc1OC,1050,404.51
671,CHEMBL3978533,COc1ccc(/C=C/C(=O)Nc2ccc(CN(C)Cc3ccccc3)cc2)cc1,6400,386.5
672,CHEMBL4174958,Nc1c2c(nc3c1C(c1cccc(Br)c1)NC(=S)N3)CCCC2,1270,389.32
673,CHEMBL146080,C/C=C(\C)C(=O)N[C@@H]1C=C2CC[C@@H]3[C@H](CC[C@]4(C)C([C@H](C)N(C)C)=CC[C@@H]34)[C@@]2(C)C[C@H]1O,23780,440.67
674,CHEMBL4290236,Cc1coc2c1c(=O)oc(=O)c1c3c(ccc12)C(C)(C)CCC3,7883,310.35
675,CHEMBL4293626,C[C@H]1COc2c1c(=O)oc(=O)c1c3c(ccc21)C(C)(C)CCC3,2844,312.37
676,CHEMBL4876362,Cc1ccc2nc3c(c(N)c2c1)CCCC3.Cl,13700,248.76
677,CHEMBL4864954,Cl.Nc1c2c(nc3c(Cl)cc(Cl)cc13)CCC2,17900,289.59
678,CHEMBL4859173,Cl.Nc1c2c(nc3cccc(Cl)c13)CCCCC2,311,283.2
679,CHEMBL54470,CC(C)c1ccc(NC(=O)Oc2ccc3c(c2)[C@]2(C)CCNC2N3)cc1,1,351.45
680,CHEMBL4449445,FC(F)(F)Oc1ccc(/C=N/C2CCN(Cc3ccccc3)CC2)cc1,5500,362.39
681,CHEMBL3237537,CCOc1ccc(Cc2nn3c(-c4ccncc4)nnc3s2)cc1,32100,337.41
682,CHEMBL252579,CCOC(=O)c1c(C)nc2nc3c(c(N)c2c1-c1ccc(Cl)cc1)CCCC3,52000,395.89
683,CHEMBL4632770,O=[N+]([O-])C1C(Cc2c[nH]cn2)NC2(c3ccccc3-c3nc4ccccc4nc32)C1c1ccccc1,15600,474.52
684,CHEMBL4636399,O=[N+]([O-])C1C(Cc2c[nH]cn2)NC2(c3ccccc3-c3nc4ccccc4nc32)C1c1ccccn1,24250,475.51
685,CHEMBL563968,C=C1[C@@H]2CC[C@H]3[C@]4(C)CCC[C@](C)(CO)[C@@H]4C[C@H](O)[C@]3(C2)[C@@H]1O,98100,320.47
686,CHEMBL2425410,O=C1NC(=S)NC(=O)C1=CNNC(=S)Nc1ccc(Cl)cc1,75410,355.83
687,CHEMBL2386989,O=C(O)CCC(=O)Nc1ccncc1,56450,194.19
688,CHEMBL4639105,COc1cc2cc(NC(=O)CCCNCc3ccccc3)c(=O)oc2cc1OC,181,396.44
689,CHEMBL4648322,COc1cc2cc(NC(=O)[C@@H]3CCC[C@H](NCc4ccccc4)C3)c(=O)oc2cc1OC,14100,436.51
690,CHEMBL4096963,CCN(CCCCCCN1C(=O)c2ccccc2C1=O)Cc1ccccc1,15800,364.49
691,CHEMBL3350307,COc1ccc2c(c1)CO[P@@](=O)(OC[C@@H]1C=C[C@H](n3cc(C)c(=O)[nH]c3=O)O1)O2,1800,422.33
692,CHEMBL3764609,Cc1c(C)c2ccc(OCCNC3CCN(Cc4ccccc4)CC3)cc2oc1=O,2670,406.53
693,CHEMBL3764211,Cc1cc(=O)oc2cc(CNCCC3CCN(Cc4ccccc4)CC3)ccc12,3450,390.53
694,CHEMBL4472570,COc1ccc2nc3c(c(NCCCCCNC(=O)[C@@H](N)Cc4c[nH]c5ccccc45)c2c1)CCCC3.Cl.Cl,190,572.58
695,CHEMBL4213147,CCCNCC(=O)Nc1ccc2nc3n(c(=O)c2c1)CCC3,1186,300.36
696,CHEMBL4096862,CCN(CC)c1ccc(/C=C/c2ccc3ccccc3[n+]2C)c(OC)n1.[I-],1200,475.37
697,CHEMBL4286556,CN(C)CCOC(=O)/C=C/c1ccc2occ(C(=O)Nc3ccccc3)c(=O)c2c1,4320,406.44
698,CHEMBL4285714,CN(C)CCOC(=O)/C=C/c1ccc2oc(C(=O)Nc3ccccc3)cc(=O)c2c1,1570,406.44
699,CHEMBL3919441,COc1cc2c(cc1OC)C(=O)C(CC1CCN(Cc3cccc(C)n3)CC1)C2,65700,394.51
700,CHEMBL23838,CCOP(=O)(OCC)Oc1ccc([N+](=O)[O-])cc1,7,275.2
701,CHEMBL2425409,O=C1NC(=S)NC(=O)C1=CNNC(=S)Nc1ccc(F)cc1,57810,339.38
702,CHEMBL3237783,O=[N+]([O-])c1cccc(C2=Nn3c(nnc3-c3ccncc3)SC2)c1,16600,338.35
703,CHEMBL4170157,CCN(C)C(=O)Oc1cccc(CCNC(=O)c2cc(O)c(O)c(O)c2)c1,452,374.39
704,CHEMBL3393678,O[C@@H]1[C@@H](O)[C@@H](Cc2cn(CCC(c3ccccc3)c3ccccc3)nn2)NC[C@H]1O,15000,408.5
705,CHEMBL3393677,O[C@@H]1[C@@H](OCc2ccccc2)[C@@H](Cc2cn(Cc3ccccc3)nn2)NC[C@H]1O,7000,394.48
706,CHEMBL398628,CCOC(=O)C1=C(C)Oc2nc3c(c(N)c2C1c1ccc(OC)cc1)CCCC3,6200,394.47
707,CHEMBL3338952,Oc1ccc(OCc2nn3c(-c4cccnc4)nnc3s2)cc1,585,325.35
708,CHEMBL4590498,O=c1oc2ccccc2c2nn(Cc3cn(-c4c(Cl)cc(Cl)cc4Cl)nn3)cc12,29000,446.68
709,CHEMBL4779440,Brc1ccc([N+]2=Cc3ccccc3CC2)cc1.[Br-],63700,367.08
710,CHEMBL4782186,CCN(C)C(=O)OC1CCCN(Cc2ccccc2)C1,21000,276.38
711,CHEMBL176366,COc1ccc2c(c1)C(=O)[C@]1(C#N)C(OC)C=CC[C@@H]1O2,1410,285.3
712,CHEMBL4452092,O=[N+]([O-])c1ccc(/C=N/C2CCN(Cc3ccccc3)CC2)cc1,7300,323.4
713,CHEMBL4091169,Clc1ccc(CNC2CCN(Cc3ccccc3)CC2)c(Cl)c1,3500,349.3
714,CHEMBL5093535,Nc1nonc1-c1nc2ccccc2n1CC(=O)Nc1cnc2ccccc2c1,16,385.39
715,CHEMBL5091918,Nc1nonc1-c1nc2ccccc2n1CC(=O)Nc1cccc(Cl)c1,128,368.78
716,CHEMBL5091958,Nc1nonc1-c1nc2ccccc2n1CC(=O)Nc1cccc([N+](=O)[O-])c1,25,379.34
717,CHEMBL5071095,Nc1nonc1-c1nc2ccccc2n1CC(=O)Nc1ccc([N+](=O)[O-])cc1,80,379.34
718,CHEMBL4435826,COc1cccc(CNC2CCN(Cc3ccccc3)CC2)c1OC,7200,340.47
719,CHEMBL5090683,CCNC(=O)Oc1ccc2c(c1)[C@]1(C)CCOC1O2,6,263.29
720,CHEMBL4171520,COc1cccc(C2NC(=S)Nc3nc4c(c(N)c32)CCCC4)c1,3190,340.45
721,CHEMBL390083,COc1ccccc1CN(C)CCCOc1ccc2c(=O)c3ccccc3oc2c1,1910,403.48
722,CHEMBL5170728,Cc1ccc(OCc2nc(CN(CC(C)C)C(=O)c3ccco3)cs2)cc1,1670,384.5
723,CHEMBL3905695,COc1ccc(/C=C/C(=O)NCCC2CCN(Cc3ccccc3)CC2)cc1,760,378.52
724,CHEMBL3965783,O=C(/C=C/c1ccc(O)cc1O)NCCC1CCN(Cc2ccccc2)CC1,260,380.49
725,CHEMBL107892,CN(C)Cc1ccc(CSCCNc2cc(N)c([N+](=O)[O-])cc2[N+](=O)[O-])o1,2400,395.44
726,CHEMBL5178120,CCN(CC)Cc1ccccc1CNC(=O)c1cccc(OC(=O)c2cccs2)c1,132.2,422.55
727,CHEMBL5171010,CCOc1ccc(C(=O)Cc2ncc(C(=O)N(C)CCCOc3ccc([N+](=O)[O-])cc3)cn2)cc1,6660,478.51
728,CHEMBL5196163,CCN(CC)Cc1ccc(CNC(=O)c2cccc(NC(=O)c3cccs3)c2)cc1,3440,421.57
729,CHEMBL5185354,CC(=O)Nc1ccc2nc3c(c(N4CCCCC4)c2c1)CCCC3,459,323.44
730,CHEMBL2425418,NC(=S)NNC=C1C(=O)NC(=O)NC1=O,56510,229.22
731,CHEMBL3093799,[Br-].[Br-].c1cc[n+](CCCCCCC[n+]2cccc3ccccc32)cc1,2200,466.26
732,CHEMBL2425414,O=C1NC(=S)NC(=O)C1=CNNC(=S)Nc1ccc(C(F)(F)F)cc1,8110,389.38
733,CHEMBL5172666,CC(C)CN(Cc1csc(COc2ccc(F)cc2)n1)C(=O)c1ccc2c(c1)OCO2,130,442.51
734,CHEMBL31131,Cc1cc(C)c2c(c1)COP(=O)(OCC1C=CC(n3cc(C)c(=O)[nH]c3=O)O1)O2,46000,420.36
735,CHEMBL571510,Nn1c(S)nnc1-c1ccncc1,49580,193.24
736,CHEMBL418068,O=C(O)c1cc(O)c2c(c1)C(=O)c1cccc(O)c1C2=O,17000,284.22
737,CHEMBL591729,CNC(=O)Oc1ccc2c(c1)[C@]1(C)CCN(C)[C@]1(C)N2C,16,289.38
738,CHEMBL4855388,c1ccc(CN2CCC(c3cc4ccccc4o3)CC2)cc1,54260,291.39
739,CHEMBL4218997,CN(Cc1ccccc1)Cc1ccc(NC(=O)Cc2ccccc2)cc1,4950,344.46
740,CHEMBL4797670,COc1ccc(-[n+]2ccc3cccc(OC)c3c2)cc1.[Br-],3840,346.22
741,CHEMBL3924569,COc1cccc2c1C=[N+](c1ccc(Cl)cc1Cl)CC2.[Br-],90500,387.1
742,CHEMBL5178466,Cc1ccccc1N1CCN(CCC(=O)Nc2nc3c(C)cccc3s2)CC1,8630,394.54
743,CHEMBL3262251,CC(C)Nc1nc(NCc2ccccc2)c2ccccc2n1,11700,292.39
744,CHEMBL4067481,c1ccc(CNc2nc(NC3CC3)nc3ccccc23)cc1,22000,290.37
745,CHEMBL4061837,CCNc1nc(NCCc2ccccc2)c2ccccc2n1,3200,292.39
746,CHEMBL4069444,NC(=O)Cc1nc(NCCc2ccccc2)c2ccccc2n1,3500,306.37
747,CHEMBL4077088,CCNc1nc(NCc2ccc(OC)c(OC)c2)c2ccccc2n1,25000,338.41
748,CHEMBL2337271,COc1cc2c(cc1OC)C(=O)C(CC1CCN(Cc3ccccc3)CC1)C2.Cl.O,3600,433.98
749,CHEMBL3338963,Clc1ccc(C2=Nn3c(nnc3-c3cccnc3)SC2)cc1Cl,64800,362.25
750,CHEMBL5193082,Cc1cccc2sc(NC(=O)CCN3CCN(Cc4cc(F)ccc4F)CC3)nc12,7660,430.52
751,CHEMBL5194599,CCCCNC(=O)O[C@@H]1C[C@H]2O[C@@H](OC(=O)/C=C/c3ccc(O)c(OC)c3)C[C@H]2O1,430,421.45
752,CHEMBL5178834,CN(CCC1CCCCCC1)Cc1c(-c2nnn[nH]2)[nH]c2ccccc12,928.7,352.49
753,CHEMBL5170179,c1ccc2c(CCNCCC3CCCCCC3)c[nH]c2c1,31.5,284.45
754,CHEMBL2386990,O=C1CCC(=O)N1c1ccncc1,3820,176.17
755,CHEMBL4291372,COc1ccc2oc(C(=O)NCCCC3CCN(Cc4ccccc4)CC3)cc(=O)c2c1,5800,434.54
756,CHEMBL3235783,COc1cc(NC(=O)/C=C/c2ccc(NOC(C)=O)cc2)cc(OC)c1OC,3850,386.4
757,CHEMBL4077386,COCCN(CC1CCN(Cc2ccccc2)CC1)C(=O)c1ccc2ccccc2c1,702,416.57
758,CHEMBL4556575,Cl.Cl.N[C@@H](Cc1c[nH]c2ccccc12)C(=O)NCCCCCNc1c2c(nc3ccccc13)CCCC2,23,542.56
759,CHEMBL2158994,CN(C)CCOc1ccc(C(=O)/C=C/c2ccccc2)cc1,20360,295.38
760,CHEMBL4873119,Oc1ccc(CN2CCC(c3cc4ccccc4o3)CC2)cc1,64620,307.39
761,CHEMBL4855794,CC(C)(C)CNC[C@@H](O)[C@H](Cc1ccccc1)NC(=O)C(c1ccccc1)c1ccccc1,450,444.62
762,CHEMBL5202485,COc1cc(/C=C2\CCc3cc([N+](=O)[O-])ccc3C2=O)c(Br)c(OC)c1OC,6200,448.27
763,CHEMBL3236097,COc1cc(NC(=O)/C=C/c2c(F)cccc2Cl)cc(OC)c1OC,1320,365.79
764,CHEMBL4101703,COc1cc(/C=C/C(=O)Nc2ccccc2)ccc1OCCN1CCCC1,12680,366.46
765,CHEMBL4091651,Cc1cc2nc3c(nc2cc1C)C1(C(C#N)=C(N)N2CCCNC2=C1[N+](=O)[O-])c1ccccc1-3,9500,451.49
766,CHEMBL4212229,CCN(Cc1ccccc1)Cc1ccc(NC(=O)Cc2ccc(O)c(O)c2)cc1,2400,390.48
767,CHEMBL4214755,CCN(Cc1ccccc1)Cc1ccc(NC(=O)Cc2ccc(OC)c(O)c2)cc1,1460,404.51
768,CHEMBL3891025,COc1cc(/C=C/C(=O)Nc2ccc(CN(C)Cc3ccccc3)cc2)ccc1O,5120,402.49
769,CHEMBL4454960,CN1c2ccc(OC(=O)NCCCCCCN3CCOCC3)cc2CN2CCc3ccccc3C21,49.3,478.64
770,CHEMBL4437391,c1ccc(CN2CCC(Cn3cc(Cc4cccc5ccccc45)nn3)CC2)cc1,7060,396.54
771,CHEMBL4448634,O=C(Cc1c[nH]c2ccccc12)NCc1cn(CC2CCN(Cc3ccccc3)CC2)nn1,5300,442.57
772,CHEMBL4464964,CC(=O)N[C@@H](Cn1cc(-c2ccccc2)nn1)C(=O)NCC1CCN(Cc2ccccc2)CC1,0.17,460.58
773,CHEMBL4633851,Cc1cccc(C2C([N+](=O)[O-])C(Cc3c[nH]cn3)NC23c2ccccc2-c2nc4ccccc4nc23)c1,13600,488.55
774,CHEMBL498645,C[C@@H]([C@H]1CC[C@H]2[C@@H]3CC[C@H]4C[C@@H](N)CC[C@]4(C)[C@H]3CC[C@]12C)N(C)C,500,346.6
775,CHEMBL4791143,C#CCN1CCC(OC(=O)Nc2ccccc2)CC1,19060,258.32
776,CHEMBL4161860,O=C(NCCCCCCNCc1ccccc1)c1cc(Cl)nc(Cl)c1,25800,380.32
777,CHEMBL4202749,N#Cc1ccccc1CNCC(=O)Nc1ccc2nc3n(c(=O)c2c1)CCC3,29.9,373.42
778,CHEMBL4210517,Cc1ccccc1CNCC(=O)Nc1ccc2nc3n(c(=O)c2c1)CCC3,107,362.43
779,CHEMBL4210020,O=C(CNCCCc1ccccc1)Nc1ccc2nc3n(c(=O)c2c1)CCC3,20.7,376.46
780,CHEMBL4217139,CCCCCCCCCCCCNCC(=O)Nc1ccc2nc3n(c(=O)c2c1)CCC3,26.8,426.61
781,CHEMBL4531896,O=C(c1ccccc1OCc1ccccc1)n1nc(OCCN2CCCC2)c2ccccc21,390,441.53
782,CHEMBL4284357,CN(C)CCN(CC1CCCN(C2Cc3ccccc3C2)C1)C(=O)c1cn2cccc(O)c2n1,135,461.61
783,CHEMBL3960040,O=C1NCCCc2c1c1ccccc1n2CCc1cccc(F)c1,1.8,322.38
784,CHEMBL539072,CC1=CC2CC(C1)Cc1nc3ccccc3c(N)c12.Cl,148,286.81
785,CHEMBL5196988,COc1ccc(OCCCN(C)C(=O)c2cnc(CC(=O)c3ccc(OC)cc3)nc2)cc1,9160,449.51
786,CHEMBL5187324,CN(CCCOc1ccc([N+](=O)[O-])cc1)C(=O)c1cnc(CC(=O)c2cccs2)nc1,10000,440.48
787,CHEMBL5183552,CCN(CC)Cc1ccccc1CNC(=O)c1cc(NC(=O)c2ccc(F)cc2)cc(OC)c1,136,463.55
788,CHEMBL4540814,O=C(c1ccccc1Cl)n1nc(OCCN2CCCC2)c2ccccc21,1300,369.85
789,CHEMBL4435236,O=C(c1ccc2ccccc2c1)n1nc(OCCN2CCCCC2)c2ccccc21,4000,399.49
790,CHEMBL3979102,COc1cccc2c1C=[N+](c1ccc(Br)cc1F)CC2.[Br-],69300,415.1
791,CHEMBL4779214,C#CCN1CCC(COC(=O)Nc2ccccc2)CC1,14380,272.35
792,CHEMBL4289318,COc1cc2nc(C(=O)NCCC3CCN(Cc4ccccc4)CC3)cc(OC)c2cc1OC,8790,463.58
793,CHEMBL4757216,COc1cc(CNC2CCN(Cc3ccccc3)C2)cc(OC)c1OC,3221,356.47
794,CHEMBL4760651,Clc1ccc(CNC2CCN(Cc3ccccc3)C2)cc1,265,300.83
795,CHEMBL4746867,CCCCN[C@@H](CC(C)C)C(=O)NCCC1CCCCCC1,36300,310.53
796,CHEMBL4755226,FC(F)(F)Oc1ccc(/C=N\C2CCN(Cc3ccccc3)C2)cc1,695,348.37
797,CHEMBL4778302,Oc1ccccc1CNC1CCN(Cc2ccccc2)C1,2727,282.39
798,CHEMBL4784191,COc1cc2c(cc1OC)C(=O)/C(=C/c1ccc(N3CC[N+](C)(Cc4ccccn4)CC3)cc1)C2.[Cl-],3240,506.05
799,CHEMBL4097284,CCN(CC)c1ccc(/C=C/c2ccc3ccccc3[n+]2C)c(OC)c1.[I-],1300,474.39
800,CHEMBL4066392,CCN(CC)c1ccc(/C=C/c2ccc3ccccc3[n+]2C)cc1.[I-],1400,444.36
801,CHEMBL4086191,O=C(CC[C@H](NC(=O)c1c[nH]c2ccccc12)C(=O)O)NCCC1CCN(Cc2ccccc2)CC1,71000,490.6
802,CHEMBL4102810,CCN(CC)c1ccc(/C=C/c2cc(N3CCOCC3)c3ccccc3[n+]2C)c(OC)c1.[I-],2500,559.49
803,CHEMBL3361277,Cl.O=S(=O)(CCCNCCNc1cccc2ccccc12)NCCNc1cccc2ccccc12,930,513.11
804,CHEMBL5206601,COc1ccc(/C=C/C(=O)Nc2cc[n+](Cc3ccc(F)cc3)cc2)cc1OC.[Br-],4.4,473.34
805,CHEMBL3237781,c1ccc(-c2ccc(C3=Nn4c(nnc4-c4ccncc4)SC3)cc2)cc1,42600,369.45
806,CHEMBL4544025,O=C(c1cccc(Cl)c1F)n1nc(OCCCN2CCCCC2)c2ccccc21,800,415.9
807,CHEMBL4473145,Cc1cc(C)c(C(=O)n2nc(OCCN3CCCCC3)c3ccccc32)c(C)c1,290,391.52
808,CHEMBL3237539,Oc1ccc(OCc2nn3c(-c4ccncc4)nnc3s2)cc1,39150,325.35
809,CHEMBL4294109,O=C(CCCc1c[nH]c2ccccc12)NCCC1CCN(Cc2ccccc2)CC1,12,403.57
810,CHEMBL5188959,CCN(CC)Cc1ccccc1CNC(=O)c1cccc(NS(=O)(=O)c2cccs2)c1,2610,457.62
811,CHEMBL447232,Cc1cn(C2C=CC(COP3(=O)Oc4ccccc4C(CCl)O3)O2)c(=O)[nH]c1=O,3900,440.78
812,CHEMBL97804,Cc1cn(C2C=CC(COP3(=O)OCc4cc(-c5ccccc5)ccc4O3)O2)c(=O)[nH]c1=O,4400,468.4
813,CHEMBL3322159,O=C(Cc1cc(=O)oc2cc(O)ccc12)NCCCNc1c2c(nc3ccccc13)CCCC2,827,457.53
814,CHEMBL3322160,O=C(Cc1cc(=O)oc2cc(O)ccc12)NCCCCNc1c2c(nc3ccccc13)CCCC2,328,471.56
815,CHEMBL375567,Cc1cn([C@H]2C=C[C@@H](COP3(=O)OCc4cccc(C(C)(C)C)c4O3)O2)c(=O)[nH]c1=O,4200,448.41
816,CHEMBL97281,CCC(C)c1cccc2c1OP(=O)(OCC1C=CC(n3cc(C)c(=O)[nH]c3=O)O1)OC2,2000,448.41
817,CHEMBL4756674,Cc1cccc(/C=N\C2CCN(Cc3ccccc3)C2)c1,5785,278.4
818,CHEMBL4797109,Fc1ccc(/C=N\C2CCN(Cc3ccccc3)C2)cc1,1052,282.36
819,CHEMBL4784203,Cc1cccc(CNC2CCN(Cc3ccccc3)C2)c1,2966,280.42
820,CHEMBL4763724,Cc1ccc(CNC2CCN(Cc3ccccc3)C2)cc1,8745,280.42
821,CHEMBL3237531,Fc1cc(Cl)ccc1-c1nn2c(-c3ccncc3)nnc2s1,9570,331.76
822,CHEMBL3956167,Fc1ccc(-c2nccc3c2[nH]c2ccccc23)cc1,4270,262.29
823,CHEMBL3971112,O=C1NCCCc2c1c1ccccc1n2CCc1ccccc1,13,304.39
824,CHEMBL4063321,COc1ccc(Cn2cc(CNc3c4c(nc5ccccc35)CCCC4)nn2)cc1,55,399.5
825,CHEMBL3322155,CN(CCC(=O)NCCNc1c2c(nc3ccccc13)CCCC2)C1CCCCC1,2030,408.59
826,CHEMBL3338992,CN(C)CCCCOc1ccc(C(=O)/C=C/c2ccccc2)cc1,11750,323.44
827,CHEMBL3337471,CCN(CC)CCOc1ccc(C(=O)/C=C/c2ccccc2)cc1,31590,323.44
828,CHEMBL3322161,O=C(Cc1cc(=O)oc2cc(O)ccc12)NNC(=S)Nc1c2c(nc3ccccc13)CCCC2,1420,474.54
829,CHEMBL318170,COc1cccc(/C=C/C(=O)c2ccccc2)c1,32000,238.29
830,CHEMBL105496,COc1ccc(/C=C/C(=O)c2ccccc2)cc1,42000,238.29
831,CHEMBL3260190,COc1cccc(-n2cc(C3(O)CCCCC3)nn2)c1,83300,273.34
832,CHEMBL4776766,COc1cccc2cc[n+](-c3ccccc3F)cc12.[Br-],80900,334.19
833,CHEMBL3823538,COc1ccc2[nH]cc(CCNC(=O)CC3CCN(Cc4cccc(C)c4)CC3)c2c1,1400,419.57
834,CHEMBL4776936,CCN(C)C(=O)Oc1ccc(/C=C/C(=O)N2CCC(Cc3ccccc3)CC2)cc1,5600,406.53
835,CHEMBL4789995,CCN(CC)C(=O)/C=C/c1ccc(OC(=O)N(C)C)c(OC)c1,15200,320.39
836,CHEMBL4759959,COc1cc(/C=C/C(=O)N2CCc3ccccc3C2)ccc1OC(=O)N(C)C,9500,380.44
837,CHEMBL4787165,CCN(C)C(=O)Oc1ccc(/C=C/C(=O)N2CCC(Cc3ccccc3)CC2)cc1OC,6500,436.55
838,CHEMBL3338395,COCCN(C[C@H]1CCCN(C2Cc3ccccc3C2)C1)C(=O)c1ccc2ccccc2c1,166,442.6
839,CHEMBL4779514,CCN(CC)C(=O)Oc1ccc(/C=C/C(=O)N2CCc3ccccc3C2)cc1OC,7700,408.5
840,CHEMBL4572123,OC(CNc1ccccc1)CNc1ccc(-c2nc3ccccc3o2)cc1,3540,359.43
841,CHEMBL4542112,C#CCOc1ccc(/C=N/Nc2c3c(nc4ccccc24)CCCC3)cc1.Cl,110,391.9
842,CHEMBL4277095,CCN(CC)CCOc1ccc(/C=C2\COc3ccccc3C2=O)cc1,23600,351.45
843,CHEMBL3322140,CCN(CCC(=O)NCCNc1c2c(nc3ccccc13)CCCC2)C1CCCCC1,765,422.62
844,CHEMBL4442580,O=[N+]([O-])c1ccc(CNC2CCN(Cc3ccccc3)CC2)cc1,7800,325.41
845,CHEMBL4591283,COc1cc(CNC2CCN(Cc3ccccc3)CC2)cc(OC)c1OC,11000,370.49
846,CHEMBL4556855,Oc1ccc(/C=N/C2CCN(Cc3ccccc3)CC2)c(O)c1,19000,310.4
847,CHEMBL3237533,c1coc(-c2nn3c(-c4ccncc4)nnc3s2)c1,61550,269.29
848,CHEMBL4863598,c1ccc2oc(C3CCNCC3)cc2c1,64390,201.27
849,CHEMBL4208322,CCCCNCC(=O)Nc1ccc2nc3n(c(=O)c2c1)CCC3,107,314.39
850,CHEMBL4208392,CN(Cc1ccccc1)Cc1ccc(NC(=O)Cc2ccc(O)cc2)cc1,4320,360.46
851,CHEMBL4203653,CCN(Cc1ccccc1)Cc1ccc(NC(=O)Cc2ccc(OC)c(OC)c2)cc1,1210,418.54
852,CHEMBL3924905,C#CCN1CCCC(CN(CCCOC)C(=O)c2ccc3ccccc3c2)C1,8641,378.52
853,CHEMBL3980929,C#CCN1CCC(CNC(=O)c2ccc3ccccc3c2)CC1,54396,306.41
854,CHEMBL4878878,Cl.Nc1c2c(nc3ccc(Br)cc13)CCCC2,20800,313.63
855,CHEMBL4865745,Cl.Nc1c2c(nc3ccc(F)cc13)CCCCC2,569,266.75
856,CHEMBL4862288,Cl.Nc1c2c(nc3cccc(Cl)c13)CCCC2,62,269.18
857,CHEMBL4855357,COc1ccc2nc3c(c(N)c2c1)CCC3.Cl,10600,250.73
858,CHEMBL3335031,CN(CCCOc1ccc2c3c(c(=O)oc2c1)CCCC3)Cc1ccccc1,15900,377.48
859,CHEMBL4792691,FC(F)(F)c1ccc(/C=N\C2CCN(Cc3ccccc3)C2)cc1,2146,332.37
860,CHEMBL3934295,COc1cccc2c1C=[N+](c1ccc(I)cc1)CC2.[Br-],58100,444.11
861,CHEMBL4064920,CN(C)c1ccc(/C=C/c2cc(N3CCOCC3)c3ccccc3[n+]2C)cc1.[I-],3600,501.41
862,CHEMBL3116291,O=[N+]([O-])c1ccc2c(c1)c(OCc1cccc3ccccc13)nn2CCN1CCCC1,4500,416.48
863,CHEMBL4796846,O=[N+]([O-])c1ccc(CNC2CCN(Cc3ccccc3)C2)cc1,1363,311.38
864,CHEMBL4278434,CCN(CC)CCOc1cccc(/C=C2\COc3ccccc3C2=O)c1,10300,351.45
865,CHEMBL4285759,Cc1cccc2c1ccc1c3c(c(=O)oc(=O)c12)[C@@H](C)CO3,7823,294.31
866,CHEMBL4085671,COc1cc(/C=C/C(=O)Nc2ccccc2)ccc1OCCCCN(C)C,25900,368.48
867,CHEMBL4068340,COc1cc(/C=C/C(=O)Nc2ccccc2)ccc1OCCCN1CCCCC1,4780,394.52
868,CHEMBL3237540,Cc1ccccc1OCc1nn2c(-c3ccncc3)nnc2s1,51340,323.38
869,CHEMBL4467620,Oc1ccccc1/C=N/C1CCN(Cc2ccccc2)CC1,16000,294.4
870,CHEMBL4587156,FC(F)(F)Oc1ccc(CNC2CCN(Cc3ccccc3)CC2)cc1,3500,364.41
871,CHEMBL4875660,COc1ccc(OC)c(CN2CCC(c3cc4ccccc4o3)CC2)c1,35470,351.45
872,CHEMBL4476861,O=C(c1cccc2ccccc12)n1nc(OCCCN2CCCC2)c2ccccc21,0.15,399.49
873,CHEMBL4444822,Cl.Cl.N[C@@H](Cc1c[nH]c2ccccc12)C(=O)NCCNc1c2c(nc3cc(Cl)ccc13)CCCC2,340,534.92
874,CHEMBL4207876,CCN(Cc1ccccc1)Cc1ccc(NC(=O)Cc2ccc(O)cc2)cc1,2030,374.48
875,CHEMBL4475391,COc1ccc2nc3c(c(NCCCCNC(=O)[C@@H](N)Cc4c[nH]c5ccccc45)c2c1)CCCC3.Cl.Cl,520,558.55
876,CHEMBL3765569,N#CC1=C(N)N2CCNC2=C([N+](=O)[O-])C12C(=O)Nc1ccc([N+](=O)[O-])cc12,14070,369.3
877,CHEMBL4638682,COc1c2c(cc3c1OCO3)[C@]13C=C[C@H](OC)C[C@@H]1[N@](C2)C[C@H]3OC(=O)c1ccc(C)cc1,28000,449.5
878,CHEMBL4747710,CCN(C)C(=O)Oc1ccc(/C=C/C(=O)N2CCCCC2)cc1OC,12600,346.43
879,CHEMBL1626455,CNc1nc(NCc2ccccc2)c2ccccc2n1,18800,264.33
880,CHEMBL4096024,CCC(C)(C)NCC(O)c1cc(OC(=O)N(C)C)cc(OC(=O)N(C)C)c1.Cl,7.28,417.93
881,CHEMBL2425407,O=C(NNC=C1C(=O)NC(=S)NC1=O)Nc1ccccc1,3310,305.32
882,CHEMBL4745688,CCCCN[C@@H](Cc1c[nH]c2ccccc12)C(=O)NCCC1CCN(CC2CCN(C)CC2)CC1,6600,481.73
883,CHEMBL4468856,Cc1cccc2c1C(=O)C1=C3CCCN3CCC1O2,39000,255.32
884,CHEMBL4539963,O=C(c1ccccc1Cl)n1nc(OCCCN2CCCCC2)c2ccccc21,70,397.91
885,CHEMBL4461027,O=C(c1cccc2ccccc12)n1nc(OCCN2CCCCC2)c2ccccc21,0.26,399.49
886,CHEMBL4792289,C#CCN1CCC(COC(=O)Nc2ccc(C(C)C)cc2)CC1,24300,314.43
887,CHEMBL3628056,O=C(NCCc1c[nH]c2ccccc12)c1cc[n+](Cc2ccccc2F)cc1.[Br-],4100,454.34
888,CHEMBL3822790,COc1ccc2[nH]cc(CCNC(=O)CC3CCN(Cc4ccc(C)cc4)CC3)c2c1,1060,419.57
889,CHEMBL4760122,Cn1c(=O)sc2cc(NC(=O)CCCCN3CCC(c4ccccc4)CC3)ccc21,2560,423.58
890,CHEMBL3889812,COc1cccc2c1C=[N+](c1ccccc1Br)CC2.[Br-],27200,397.11
891,CHEMBL1348834,Clc1ccc(CNC2CCN(Cc3ccccc3)CC2)cc1,4000,314.86
892,CHEMBL4093947,CCOC(=O)[C@H](CCC(=O)NCCC1CCN(Cc2ccccc2)CC1)NC(=O)c1ccccc1,1300,479.62
893,CHEMBL484848,Cc1cccc2c1C(=O)[C@@H]1[C@H]3CCCN3CC[C@H]1O2,35000,257.33
894,CHEMBL4446441,c1ccc(CN2CCC(Cn3cc(CSc4nc5ccccc5[nH]4)nn3)CC2)cc1,65,418.57
895,CHEMBL4467345,N[C@@H](CCCCn1cc(-c2ccccc2)nn1)C(=O)NCC1CCN(Cc2ccccc2)CC1,970,460.63
896,CHEMBL4858061,Cl.Nc1c2c(nc3ccc(Br)cc13)CCC2,16900,299.6
897,CHEMBL4848417,Cl.Nc1c2c(nc3ccc(F)cc13)CCCC2,751,252.72
898,CHEMBL4563523,O=C(c1cccc(F)c1F)n1nc(OCCN2CCCC2)c2ccccc21,11000,371.39
899,CHEMBL4525824,O=C(c1cccc(Cl)c1Cl)n1nc(OCCN2CCCC2)c2ccccc21,230,404.3
900,CHEMBL4467037,O=C(c1c(F)ccc(F)c1F)n1nc(OCCN2CCCCC2)c2ccccc21,9400,403.4
901,CHEMBL4470556,COc1ccc(CC(=O)n2nc(OCCN3CCCC3)c3ccccc32)cc1,9000,379.46
902,CHEMBL3586608,CN(Cc1ccccc1)Cc1ccc(COc2ccc3c(CO)cc(=O)oc3c2)cc1.Cl,9300,451.95
903,CHEMBL4217666,C=CCCNCC(=O)Nc1ccc2nc3n(c(=O)c2c1)CCC3,81.5,312.37
904,CHEMBL4066209,CCOC(=O)C1=C(c2ccccc2)Oc2nc3c(c(N)c2C1c1cccc([N+](=O)[O-])c1)CCCC3,40950,471.51
905,CHEMBL4797677,CCCCC[N+]1(C)CCN(c2ccc(/C=C3\Cc4cc(OC)c(OC)cc4C3=O)cc2)CC1.[Br-],3240,529.52
906,CHEMBL4282414,Cn1cc(C(=O)NCCC2CCN(Cc3ccccc3)CC2)c2ccccc21,670,375.52
907,CHEMBL4854713,Cl.Nc1c2c(nc3ccc(F)cc13)CCC2,1910,238.69
908,CHEMBL4873501,Cc1cccc2nc3c(c(N)c12)CCCC3.Cl,495,248.76
909,CHEMBL4093408,COc1cc(/C=C/C(=O)Nc2ccccc2)ccc1OCCN(C)C,23280,340.42
910,CHEMBL4094761,CCOC(=O)/C=C/c1ccc(OCCCCCCN2CCCCC2)c(OC)c1,41760,389.54
911,CHEMBL4800260,COc1cc2c(cc1OC)C(=O)/C(=C/c1ccc(N3CC[N+](C)(Cc4ccccc4)CC3)cc1)C2.[Cl-],430,505.06
912,CHEMBL4578377,Cc1c(C)c2ccc(OCC3CCN(Cc4cccc(OCCCO[N+](=O)[O-])c4)CC3)cc2oc1=O,800,496.56
913,CHEMBL4850590,COc1ccc2nc3c(c(N)c2c1)C1CC(C)=CC(C3)C1.Cl,3760,316.83
914,CHEMBL4089082,CC(C)c1ccc(NC(=O)Oc2ccc3c(c2)[C@]2(C)CCN[C@@H]2N3)cc1,1,351.45
915,CHEMBL171048,COc1cc2c(cc1OC)C(=O)C(CC1CCN(Cc3ccc([N+](=O)[O-])cc3)CC1)C2,85800,424.5
916,CHEMBL3891369,COc1cc2c(cc1OC)C(=O)C(CC1CCN(Cc3ncccc3C)CC1)C2,49200,394.51
917,CHEMBL3928343,COc1cc2c(cc1OC)C(=O)C(CC1CCN(Cc3cccc(F)n3)CC1)C2,38900,398.48
918,CHEMBL3939604,CCN(C)C(=O)Oc1cccc(C(=O)/C=C/c2ccc(OC)cc2)c1,3930,339.39
919,CHEMBL3951968,CCN(C)C(=O)Oc1cccc(/C=C/C(=O)c2cccc(O)c2)c1,2870,325.36
920,CHEMBL4541558,Cl.Cl.N[C@@H](Cc1c[nH]c2ccccc12)C(=O)NCCCNc1c2c(nc3cc(Cl)ccc13)CCCC2,140,548.95
921,CHEMBL4101886,c1ccc(CNc2c3c(nc4ccccc24)CCCC3)nc1,70,289.38
922,CHEMBL4099598,N#CC1=C(N)N2CCNC2=C([N+](=O)[O-])C12c1ccccc1-c1nc3ccccc3nc12,8400,409.41
923,CHEMBL4217212,COc1ccc(CC(=O)Nc2ccc(CN(C)Cc3ccccc3)cc2)cc1O,1290,390.48
924,CHEMBL4785769,Clc1ccc(/C=N\C2CCN(Cc3ccccc3)C2)cc1,1184,298.82
925,CHEMBL4793341,FC(F)(F)Oc1ccc(CNC2CCN(Cc3ccccc3)C2)cc1,82,350.38
926,CHEMBL5200557,O=C(NCc1ccccc1)c1cccc(NC(=O)c2cccs2)c1,31340,336.42
927,CHEMBL5173939,CN(C)Cc1ccccc1CNC(=O)c1cccc(NC(=O)c2cccs2)c1,0.75,393.51
928,CHEMBL4784748,COc1cccc(-[n+]2ccc3cccc(OC)c3c2)c1.[Br-],98300,346.22
929,CHEMBL5172647,COc1cc2nc3c(c(N4CCOCC4)c2cc1OC)CCCC3,767,328.41
930,CHEMBL5197518,COc1cc(/C=C/c2nnc(-c3ccc(OC(F)(F)F)cc3)o2)ccc1O,210,378.31
931,CHEMBL4445553,O=C(c1cccc(Cl)c1Cl)n1nc(OCCN2CCCCC2)c2ccccc21,600,418.32
932,CHEMBL4863754,COc1ccc(CN2CCC(c3cc4ccccc4o3)CC2)cc1OC,64595,351.45
933,CHEMBL4105088,CCCNc1nc(NCc2ccccc2)c2ccccc2n1,14400,292.39
934,CHEMBL4166349,CCN(C)C(=O)Oc1cccc(CCNC(=O)CCCCC2CCSS2)c1,340,410.61
935,CHEMBL4162892,CCN(C)C(=O)Oc1cccc(CNC(=O)c2cc(=O)c3ccccc3o2)c1,650,380.4
936,CHEMBL3338949,c1cncc(-c2nnc3sc(-c4ccc[nH]4)nn23)c1,13700,268.31
937,CHEMBL3338947,Cc1occc1-c1nn2c(-c3cccnc3)nnc2s1,58600,283.32
938,CHEMBL4207101,O=C(CNCc1cc(F)cc(F)c1)Nc1ccc2nc3n(c(=O)c2c1)CCC3,2.35,384.39
939,CHEMBL4440283,COc1cc(/C=N/C2CCN(Cc3ccccc3)CC2)cc(OC)c1OC,11000,368.48
940,CHEMBL3236082,COc1cc(NC(=O)/C=C/c2cccc(OC(C)=O)c2)cc(OC)c1OC,1250,371.39
941,CHEMBL4800467,CCN(C)C(=O)OCC1CCN(C2Cc3ccccc3C2)CC1,4460,316.44
942,CHEMBL4776765,O=c1ccoc2ccc(OCCCCN3CCCCC3)cc12,87500,301.39
943,CHEMBL3356529,COc1ccc2nc3c(c(NCCCNC4=CC(=O)c5ccccc5C4=O)c2c1)CCCC3,635,441.53
944,CHEMBL3356539,COc1ccc2nc3c(c(NCCCNC4=CC(=O)c5c(O)cccc5C4=O)c2c1)CCCC3,329,457.53
945,CHEMBL4786368,COc1cccc2cc[n+](-c3ccccc3Cl)cc12.[Br-],67200,350.64
946,CHEMBL3335021,CC(c1cc(O)c2c(c1)oc(=O)c1ccccc12)N(C)C.Cl,4200,319.79
947,CHEMBL3335050,CN(CCCCOc1ccc2c3c(c(=O)oc2c1)CCCC3)Cc1ccccc1,18900,391.51
948,CHEMBL3927363,COc1cc2c(cc1OC)C(=O)C(CC1CCN(Cc3cccc(F)c3)CC1)C2,26700,397.49
949,CHEMBL4784649,COc1cccc2cc[n+](-c3cccc(C)c3)cc12.[Br-],30600,330.23
950,CHEMBL284237,C[C@]12N[C@H](Cc3ccccc31)c1ccccc12,16000,221.3
951,CHEMBL601410,[Br-].[Br-].c1ccc2c(c1)ccc[n+]2CCCCCC[n+]1cccc2ccccc21,5000,502.29
952,CHEMBL1761999,C(=C\C[n+]1cccc2ccccc21)\C[n+]1cccc2ccccc21.[Cl-].[Cl-],800,383.32
953,CHEMBL1762001,[Br-].[Br-].c1cc(C[n+]2cccc3ccccc32)cc(C[n+]2cccc3ccccc32)c1,20000,522.28
954,CHEMBL1410004,c1ccc2c(CN3CCN(Cc4c[nH]c5ccccc45)CC3)c[nH]c2c1,987,344.46
955,CHEMBL3237782,c1ccc2c(C3=Nn4c(nnc4-c4ccncc4)SC3)cccc2c1,52760,343.42
956,CHEMBL4781081,O=C(Nc1ccccc1)OCC1CCN(Cc2ccccc2)CC1,555,324.42
957,CHEMBL4793387,O=C(Nc1ccccc1)OCC1CCN(C2Cc3ccccc3C2)CC1,1433,350.46
958,CHEMBL4788813,O=C(Nc1ccccc1)OCC1CCCN(Cc2ccccc2)C1,520,324.42
959,CHEMBL3986155,COc1cccc2c1C=[N+](c1ccc(Br)cc1)CC2.[Br-],20700,397.11
960,CHEMBL3973603,COc1cccc2c1C=[N+](c1cccc(C)c1)CC2.[Br-],35900,332.24
961,CHEMBL4447514,Oc1ccccc1CNC1CCN(Cc2ccccc2)CC1,14000,296.41
962,CHEMBL3335054,O=c1oc2cc(OCCCCN3CCN(Cc4ccccc4)CC3)ccc2c2c1CCCC2,14600,446.59
963,CHEMBL3335055,COc1cccc(CN2CCN(CCCCOc3ccc4c5c(c(=O)oc4c3)CCCC5)CC2)c1,23400,476.62
964,CHEMBL3335062,CN(CCCOc1ccc2c(c1)oc(=O)c1ccccc12)Cc1ccccc1,14900,373.45
965,CHEMBL3930499,CCCc1n[nH]c2c1C(c1ccc(C)cc1)c1c(nc3c(c1N)CSCC3)O2,73,392.53
966,CHEMBL3764762,Cc1c(Cl)c(=O)oc2cc(OCCNC3CCN(Cc4ccccc4)CC3)ccc12,1680,426.94
967,CHEMBL3765293,O=c1cc(Cl)c2ccc(OCCNC3CCN(Cc4ccccc4)CC3)cc2o1,2930,412.92
968,CHEMBL4065799,COc1cc(/C=C/C(=O)Nc2ccccc2)ccc1OCCCN(C)C,20020,354.45
969,CHEMBL4176974,CCN(C)C(=O)Oc1cccc(NC(=O)c2cc(=O)c3ccccc3o2)c1,507,366.37
970,CHEMBL4097374,COc1ccc(CNc2nc(NC3CC3)nc3ccccc23)cc1OC,29800,350.42
971,CHEMBL4060562,COCCN(CC1CCCN(Cc2ccccc2)C1)C(=O)c1ccc2ccccc2c1,230,416.57
972,CHEMBL4068039,CNCCN(CC1CCCN(C2Cc3ccccc3C2)C1)C(=O)c1ccc2ccccc2c1.Cl.Cl,18,514.54
973,CHEMBL4064846,CCN(CC)CCOc1ccc(/C=C/C(=O)Nc2ccccc2)cc1OC,11460,368.48
974,CHEMBL4164310,Nc1c2c(nc3c1C(c1cccc([N+](=O)[O-])c1)NC(=S)N3)CCCC2,2680,355.42
975,CHEMBL4440392,c1ccc(CN2CCC(Cn3cc(CNc4ncnc5ccccc45)nn3)CC2)cc1,2950,413.53
976,CHEMBL4780232,Oc1ccc(/C=N\C2CCN(Cc3ccccc3)C2)c(O)c1,3285,296.37
977,CHEMBL5208032,CN(CCCOc1ccc([N+](=O)[O-])cc1)C(=O)c1cnc(CC(=O)c2ccc3c(c2)OCO3)nc1,48400,478.46
978,CHEMBL3918754,C#CCN1CCC(CN(CCCOC)S(=O)(=O)c2ccc3ccccc3c2)CC1,281,414.57
979,CHEMBL4874576,Cc1ccc2nc3c(c(N)c2c1)CCC3.Cl,23700,234.73
980,CHEMBL4872783,COc1ccc2nc3c(c(N)c2c1)CCCC3.Cl,17600,264.76
981,CHEMBL5205279,CCC(=O)N(Cc1csc(COc2ccc(C)cc2)n1)CC(C)C,8080,346.5
982,CHEMBL5185065,COc1cccc(C(=O)Cc2ncc(C(=O)N(C)CCCOc3ccc([N+](=O)[O-])cc3)cn2)c1,2590,464.48
983,CHEMBL5204734,CN(CCCOc1ccc([N+](=O)[O-])cc1)C(=O)c1cnc(CC(=O)c2ccccc2)nc1,6080,434.45
984,CHEMBL5174709,CCC(c1ccc(O)c(OC)c1)c1ccc(OC)cc1O,2250,288.34
985,CHEMBL5202267,O=C(COc1ccccc1C(F)(F)F)NCC1CCN(Cc2ccccc2)CC1,1020,406.45
986,CHEMBL4740081,CCN(CC)C(=O)Oc1ccc(/C=C/C(=O)N2CCN(Cc3ccccc3)CC2)cc1OC,10600,451.57
987,CHEMBL5219232,C#CCN[C@@H]1CCc2ccc(OC(=O)N(C)CC)cc21.C#CCN[C@@H]1CCc2ccc(OC(=O)N(C)CC)cc21,4100,544.7
988,CHEMBL4845734,Cc1ccc2c(N)c3c(nc2c1)CCCCC3.Cl,1000,262.78
989,CHEMBL4790416,C#CCOc1ccc(-c2cc(-c3ccc(OCCN4CCOCC4)cc3)nc(N)n2)cc1,660,430.51
990,CHEMBL1411769,Clc1ccc2c(c1)Nc1ccccc1S2,19200,233.72
991,CHEMBL5190530,Cc1ccc2nc3c(c(NCCO)c2c1)CCCC3,840,256.35
992,CHEMBL206642,CC(C)c1ccc(NC(=O)Oc2ccc3c(c2)[C@]2(C)CCO[C@@H]2O3)cc1,27,353.42
993,CHEMBL4861913,Cc1ccc2nc3c(c(N)c2c1)CCCCC3.Cl,10600,262.78
994,CHEMBL4857870,Cl.Nc1c2c(nc3c(Br)cc(Br)cc13)CCCC2,32000,392.52
995,CHEMBL4294752,CN(C)CCN(CC1CCCN(C2Cc3ccccc3C2)C1)C(=O)c1ccc(O)cc1,1794.2,421.59
996,CHEMBL4173608,CCN(C)C(=O)Oc1cccc(CCNC(=O)c2cc(=O)c3ccccc3o2)c1,511,394.43
997,CHEMBL204895,CCNC(=O)Oc1ccc2c(c1)[C@]1(C)CCO[C@@H]1O2,6,263.29
998,CHEMBL4870994,COc1ccccc1CNC[C@H](O)[C@H](Cc1ccccc1)NC(=O)C(c1ccccc1)c1ccccc1,540,494.64
999,CHEMBL4284235,Cc1ccc(NC(=O)c2coc3ccc(/C=C/C(=O)OCCN(C)C)cc3c2=O)cc1,7420,420.47
1000,CHEMBL5186796,COc1ccc(C(=O)Cc2ncc(C(=O)N3CCN(Cc4ccccc4)CC3)cn2)cc1,5700,430.51
1001,CHEMBL4755117,Oc1ccc(/C=N\C2CCN(Cc3ccccc3)C2)cc1,2365,280.37
1002,CHEMBL4761542,FC(F)(F)c1ccc(CNC2CCN(Cc3ccccc3)C2)cc1,968,334.38
1003,CHEMBL4861608,Cl.Nc1c2c(nc3ccc(Cl)cc13)CCCCC2,10300,283.2
1004,CHEMBL5199425,COc1ccc(C(=O)Cc2ncc(C(=O)Nc3ccncc3)cn2)cc1,31400,348.36
1005,CHEMBL3942074,COc1cccc2c1C=[N+](c1ccccc1F)CC2.[Br-],75000,336.2
1006,CHEMBL4857554,Cl.Nc1c2c(nc3ccc(Cl)cc13)CCC2,6880,255.15
1007,CHEMBL4091683,CCN(CCCCN1C(=O)c2ccccc2C1=O)Cc1ccccc1,15300,336.44
1008,CHEMBL5194732,O=C(CCN1CCOCC1)Nc1n[nH]c2ncccc12,473,275.31
1009,CHEMBL5199187,Cc1ccc2nc3c(c(NCCN4CCOCC4)c2c1)CCCC3,3127,325.46
1010,CHEMBL4174650,CCN(C)C(=O)Oc1cccc(NC(=O)CCCCC2CCSS2)c1,356,382.55
1011,CHEMBL5209013,O=C(COc1ccccc1C(F)(F)F)NCCN1CCN(Cc2ccccc2)CC1,503,421.46
1012,CHEMBL5175950,O=C(COc1ccc(Cl)cc1)NCC1CCN(Cc2ccccc2)CC1,5610,372.9
1013,CHEMBL4786091,CCN(C)C(=O)OC1CCCN(C2Cc3ccccc3C2)C1,9690,302.42
1014,CHEMBL4867284,Cl.Nc1c2c(nc3ccc(Br)cc13)CCCCC2,15100,327.65
1015,CHEMBL5207120,O=C(COc1ccc(Cl)cc1[N+](=O)[O-])NCC1CCN(Cc2ccccc2)CC1,4700,417.89
1016,CHEMBL5185039,CCN(CC)Cc1ccccc1CNC(=O)c1cccc(NC(=O)c2cccs2)c1,0.35,421.57
1017,CHEMBL5079347,CO[C@H]1C[C@H]2C(=C[C@@H]1OC(=O)N1CCCCC1)[C@H]1CN2Cc2cc3c(cc21)OCO3,1730,412.49
1018,CHEMBL4792310,CCN(C)C(=O)OCC1CCCN(C2Cc3ccccc3C2)C1,9390,316.45
1019,CHEMBL3902620,CCN(C)C(=O)Oc1ccc(C(=O)/C=C/c2ccc(OC)cc2)cc1,7360,339.39
1020,CHEMBL3980820,CN(C)C(=O)Oc1cccc(/C=C/C(=O)c2ccc(O)cc2)c1,2190,311.34
1021,CHEMBL3642041,CC(=O)NCCc1c[nH]c2ccc(OC(=O)NCCNc3c4c(nc5ccccc35)CCCC4)cc12,4.28,485.59
1022,CHEMBL4538398,COc1ccc2nc3c(c(NCCNC(=O)[C@@H](N)Cc4c[nH]c5ccccc45)c2c1)CCCC3.Cl.Cl,480,530.5
1023,CHEMBL4557745,CCOc1ccc2[nH]c(SCc3cn(CC4CCN(Cc5ccccc5)CC4)nn3)nc2c1,1910,462.62
1024,CHEMBL4796696,COc1cc2c(cc1O)CCC(C)(CCN)O2,23200,237.3
1025,CHEMBL5077099,N#Cc1cccc(NC(=O)Cn2c(-c3nonc3N)nc3ccccc32)c1,250,359.35
1026,CHEMBL4782422,O=C(Nc1ccccc1)OC1CCCN(C2Cc3ccccc3C2)C1,64.5,336.44
1027,CHEMBL4785240,CCN(C)C(=O)OC1CCN(C2Cc3ccccc3C2)CC1,40800,302.42
1028,CHEMBL5190569,COc1cc(/C=C/c2nnc(-c3ccc(C(F)(F)F)cc3)o2)ccc1O,255,362.31
1029,CHEMBL4174269,COc1cc2c(cc1OC)C(=O)C(CC1CCN(Cc3cc(N)c4ccccc4n3)CC1)C2,6540,445.56
1030,CHEMBL354848,COc1cc2c(cc1OC)C(=O)C(CC1CCN(Cc3ccc(C)cc3)CC1)C2,43800,393.53
1031,CHEMBL3889713,COC(=O)c1cccc(CN2CCC(CC3Cc4cc(OC)c(OC)cc4C3=O)CC2)n1,25400,438.52
1032,CHEMBL4788638,COc1cccc2cc[n+](-c3c(F)cccc3F)cc12.[Br-],48400,352.18
1033,CHEMBL4791061,COc1cccc2cc[n+](-c3ccc(I)cc3F)cc12.[Br-],89800,460.08
1034,CHEMBL4792483,CCN(C)C(=O)OCC1CCCN(Cc2ccccc2)C1,7230,290.41
1035,CHEMBL1201092,CCN(C)C(=O)Oc1cccc([C@H](C)N(C)C)c1.O=C(O)[C@H](O)[C@@H](O)C(=O)O,1439,400.43
1036,CHEMBL4876686,Cl.Nc1c2c(nc3ccc(Cl)cc13)CCCC2,6720,269.17
1037,CHEMBL4854565,Cl.Nc1c2c(nc3c(Cl)cc(Cl)cc13)CCCC2,14800,303.62
1038,CHEMBL4872815,Cl.Nc1c2c(nc3c(Cl)cc(Cl)cc13)CCCCC2,23800,317.65
1039,CHEMBL4859128,Cc1cccc2nc3c(c(N)c12)CCC3.Cl,471,234.73
1040,CHEMBL4856125,Cc1cccc2nc3c(c(N)c12)CCCCC3.Cl,107,262.78
1041,CHEMBL5174262,CCN(CC)Cc1ccccc1CNC(=O)c1ccc(NC(=O)c2ccc(F)cc2)cc1,5.29,433.53
1042,CHEMBL5185696,CCN(CC)Cc1ccccc1CNC(=O)c1cc(NC(=O)c2ccc(F)cc2)cc([N+](=O)[O-])c1,1.04,478.52
1043,CHEMBL5220219,C#CCN1CCC(CCc2cccc(OC(=O)Nc3ccccc3)c2)CC1,4400,362.47
1044,CHEMBL4538834,Cl.c1ccc(CCCCN2CCCc3[nH]c4ccccc4c3C2)cc1,199,354.93
1045,CHEMBL4790897,CCCCN[C@@H](Cc1c[nH]c2ccccc12)C(=O)NCCC1CCN(c2ccccc2)CC1,5.6,446.64
1046,CHEMBL4745500,COc1cc(/C=N\C2CCN(Cc3ccccc3)C2)cc(OC)c1OC,3502,354.45
1047,CHEMBL4756849,Oc1ccc(CNC2CCN(Cc3ccccc3)C2)c(O)c1,2692,298.39
1048,CHEMBL4752715,Fc1ccc(CNC2CCN(Cc3ccccc3)C2)c(F)c1,127,302.37
1049,CHEMBL5192784,CCCCCCN1CCN(CCC(=O)Nc2nc3c(C)cccc3s2)CC1,29300,388.58
1050,CHEMBL5173420,Cc1cccc2sc(NC(=O)CCN3CCN(Cc4ccccc4F)CC3)nc12,2900,412.53
1051,CHEMBL5086584,Nc1nonc1-c1nc2ccccc2n1CC(=O)Nc1ccc(Br)c2ccccc12,32,463.3
1052,CHEMBL5070022,CO[C@H]1C=C2[C@H]3CN(Cc4cc5c(cc43)OCO5)[C@H]2C[C@@H]1OC(=O)N1CCCCC1,6540,412.49
1053,CHEMBL4744490,CCN(C)C(=O)Oc1cccc(CNCCc2c[nH]c3cc(F)ccc23)c1,927,369.44
1054,CHEMBL4798336,C=CC[N+]1(C)CCN(c2ccc(/C=C3\Cc4cc(OC)c(OC)cc4C3=O)cc2)CC1.[Cl-],25200,455
1055,CHEMBL4790642,COc1cc2c(cc1OC)C(=O)/C(=C/c1ccc(N3CC[N+](C)(CCO)CC3)cc1)C2.[Cl-],6480,458.99
1056,CHEMBL2236848,Nc1ccc(C(=O)/C=C/c2ccccc2Br)cc1,26000,302.17
1057,CHEMBL4796157,COc1cccc2cc[n+](-c3ccccc3Br)cc12.[Br-],89500,395.09
1058,CHEMBL3752232,CCNCc1cccc2[nH]c3cc(Cl)ccc3c12,7900,258.75
1059,CHEMBL5199361,CN1CCN(c2c3c(nc4ccc([N+](=O)[O-])cc24)CCCC3)CC1,166,326.4
1060,CHEMBL3818782,O=C(/C=C/c1ccc([N+](=O)[O-])cc1)NCCC1CCN(Cc2ccccc2)CC1,4230,393.49
1061,CHEMBL4448537,Oc1ccc(NCC(O)CNc2ccc(-c3nc4ccccc4o3)cc2)cc1,2740,375.43
1062,CHEMBL362444,CNC(=O)Oc1ccc2c(c1)[C@]1(C)CCOC1N2C,4,262.31
1063,CHEMBL4764997,COc1ccc(-c2cc(C(=O)N3CCN(Cc4ccccc4)CC3)c3ccccc3n2)cc1,2400,437.54
1064,CHEMBL4640945,COc1c2c(cc3c1OCO3)[C@]13C=C[C@H](OC)C[C@@H]1[N@](C2)C[C@H]3OC(=O)c1ccccc1C,280,449.5
1065,CHEMBL1186527,OC1CCN2Cc3ccccc3N=C12,2600,188.23
1066,CHEMBL5174183,O=C(CN1CCN(Cc2ccccc2)CC1)Nc1n[nH]c2ncccc12,2806,350.43
1067,CHEMBL5205489,Nc1nn(-c2c3c(nc4ccc([N+](=O)[O-])cc24)CCCC3)c2ncccc12,5217,360.38
1068,CHEMBL4756650,COc1cccc(/C=N\C2CCN(Cc3ccccc3)C2)c1OC,4266,324.42
1069,CHEMBL4764465,Oc1ccc(CNC2CCN(Cc3ccccc3)C2)cc1,1935,282.39
1070,CHEMBL4062146,Cc1cc2nc3c(nc2cc1C)C1(C(C#N)=C(N)N2CCNC2=C1[N+](=O)[O-])c1ccccc1-3,7300,437.46
1071,CHEMBL4066908,CCN(CCCN1C(=O)c2ccccc2C1=O)Cc1ccccc1OC,14600,352.43
1072,CHEMBL4075667,C#CCN(CCCN1C(=O)c2ccccc2C1=O)Cc1ccccc1,3800,332.4
1073,CHEMBL4069776,CCN(CCCCN1C(=O)c2ccccc2C1=O)Cc1ccccc1OC,12900,366.46
1074,CHEMBL3892044,O=C(/C=C/c1cccc(O)c1)NCCC1CCN(Cc2ccccc2)CC1,1020,364.49
1075,CHEMBL5172343,COc1ccc(C(=O)Cc2ncc(C(=O)N(C)CCCOc3ccc([N+](=O)[O-])cc3)cn2)cc1,13100,464.48
1076,CHEMBL5203792,COc1ccc(C(=O)Cc2ncc(C(=O)N(C)CCCOc3ccc([N+](=O)[O-])cc3)cn2)cc1OC,5730,494.5
1077,CHEMBL5182803,O=C(COc1ccc(CCc2ccccc2)cc1)NCC1CCN(Cc2ccccc2)CC1,5080,442.6
1078,CHEMBL5185868,O=C(COc1ccc(Cl)cc1[N+](=O)[O-])NCCN1CCN(Cc2ccccc2)CC1,1410,432.91
1079,CHEMBL4792506,O=C(Nc1ccccc1)OC1CCCN(Cc2ccccc2)C1,460,310.4
1080,CHEMBL5199756,COc1cc(/C=C/C(=O)O[C@H]2C[C@H]3O[C@H](OC(=O)Nc4ccccc4)C[C@H]3O2)ccc1O,29160,441.44
1081,CHEMBL5083855,Nc1nonc1-c1nc2ccccc2n1CC(=O)Nc1ccnc2ccccc12,212,385.39
1082,CHEMBL4285818,O=C(Cc1c[nH]c2ccc(Br)cc12)NCCC1CCN(Cc2ccccc2)CC1,0.68,454.41
1083,CHEMBL4293015,Cn1cc(CC(=O)NCCC2CCN(Cc3ccccc3)CC2)c2ccccc21,0.25,389.54
1084,CHEMBL4556651,C=CCNC(=S)NNc1c2c(nc3ccccc13)CCCC2,722,312.44
1085,CHEMBL5193255,COc1ccc(C(=O)Cc2ncc(C(=O)N(C)CCCOc3ccc(OC)c(OC)c3)cn2)cc1,8300,479.53
1086,CHEMBL5198012,Cc1cccc2sc(NC(=O)CCN3CCN(Cc4cccc5ccccc45)CC3)nc12,32910,444.6
1087,CHEMBL5083469,Nc1nonc1-c1nc2ccccc2n1CC(=O)Nc1cccc2ccccc12,22,384.4
1088,CHEMBL5205151,O=C(CCCCC1CCSS1)O[C@H]1C[C@H]2O[C@H](OC(=O)NCc3ccccc3)C[C@H]2O1,150,467.61
1089,CHEMBL4777412,CCN(C)C(=O)Oc1ccc(/C=C/C(=O)N2CCc3ccccc3C2)cc1,3700,364.45
1090,CHEMBL5176633,C=C1c2[nH]c3ccc(OC)cc3c2C2[C@@H](CC)C1CCN2C,24000,296.41
1091,CHEMBL459209,COC(=O)[C@]12COCC[C@@H]3[C@H](c4c1[nH]c1ccccc41)N(C)CC[C@@H]32,28510,340.42
1092,CHEMBL4741070,COc1cc(/C=C/C(=O)N2CCc3ccccc3C2)ccc1OC(=O)N(C)OC,16200,396.44
1093,CHEMBL1242981,CC(C)c1ccc(NC(=O)Oc2ccc3c(c2)[C@]2(C)CCOC2O3)cc1,27,353.42
1094,CHEMBL5090352,CO[C@H]1C=C2[C@H]3CN(Cc4cc5c(cc43)OCO5)[C@H]2C[C@@H]1OC(=O)c1ccc([N+](=O)[O-])cc1Cl,16960,484.89
1095,CHEMBL5183248,Cc1cccc2sc(NC(=O)CCN3CCN(C(C)C)CC3)nc12,14410,346.5
1096,CHEMBL5207817,Cc1cccc2sc(NC(=O)CCN3CCN(CC4CCCO4)CC3)nc12,12830,388.54
1097,CHEMBL5176580,CC(=O)c1ccc(N2CCN(CCC(=O)Nc3nc4c(C)cccc4s3)CC2)cc1,3040,422.55
1098,CHEMBL5203291,CC1=C(NC2CCN(Cc3ccccc3)CC2)C(=O)c2ccccc2C1=O,95.7,360.46
1099,CHEMBL4636736,COc1c2c(cc3c1OCO3)[C@]13C=C[C@H](OC)C[C@@H]1[N@](C2)C[C@H]3OC(=O)c1ccc2ccccc2c1,14000,485.54
1100,CHEMBL74926,CN1CC[C@@]2(C)c3cc(OC(=O)Nc4ccccc4)ccc3N(C)[C@@H]12,1560,337.42
